0.000000,0.000000,0.115000,0.000000,0.000000,0.000000,1.000000,0.000000,-0.087300,-0.457900,-0.004900,0.453000,0.349100,0.349100,0.000000,0.000000,0.000000,0.087300,0.457900,0.004900,-0.453000
0.000000,0.000000,0.115052,0.000000,0.000000,0.000000,1.000000,0.000000,-0.088590,-0.457900,-0.004900,0.453000,0.351164,0.349100,0.003414,0.000000,0.000000,0.086010,0.457900,0.004900,-0.453000
0.000000,0.000000,0.115204,0.000000,0.000000,0.000000,1.000000,0.000000,-0.092394,-0.457900,-0.004900,0.453000,0.357250,0.349100,0.006826,0.000000,0.000000,0.082206,0.457900,0.004900,-0.453000
0.000000,0.000000,0.115449,0.000000,0.000000,0.000000,1.000000,0.000000,-0.098515,-0.457900,-0.004900,0.453000,0.367044,0.349100,0.010232,0.000000,0.000000,0.076085,0.457900,0.004900,-0.453000
0.000000,0.000000,0.115774,0.000000,0.000000,0.000000,1.000000,0.000000,-0.106638,-0.457900,-0.004900,0.453000,0.380041,0.349100,0.013630,0.000000,0.000000,0.067962,0.457900,0.004900,-0.453000
0.000000,0.000000,0.116162,0.000000,0.000000,0.000000,1.000000,0.000000,-0.116343,-0.457900,-0.004900,0.453000,0.395569,0.349100,0.017017,0.000000,0.000000,0.058257,0.457900,0.004900,-0.453000
0.000000,0.000000,0.116593,0.000000,0.000000,0.000000,1.000000,0.000000,-0.127130,-0.457900,-0.004900,0.453000,0.412828,0.349100,0.020390,0.000000,0.000000,0.047470,0.457900,0.004900,-0.453000
0.000000,0.000000,0.117046,0.000000,0.000000,0.000000,1.000000,0.000000,-0.138441,-0.457900,-0.004900,0.453000,0.430926,0.349100,0.023747,0.000000,0.000000,0.036159,0.457900,0.004900,-0.453000
0.000000,0.000000,0.117496,0.000000,0.000000,0.000000,1.000000,0.000000,-0.149694,-0.457900,-0.004900,0.453000,0.448930,0.349100,0.027084,0.000000,0.000000,0.024906,0.457900,0.004900,-0.453000
0.000000,0.000000,0.117920,0.000000,0.000000,0.000000,1.000000,0.000000,-0.160307,-0.457900,-0.004900,0.453000,0.465911,0.349100,0.030399,0.000000,0.000000,0.014293,0.457900,0.004900,-0.453000
0.000000,0.000000,0.118297,0.000000,0.000000,0.000000,1.000000,0.000000,-0.169733,-0.457900,-0.004900,0.453000,0.480992,0.349100,0.033690,0.000000,0.000000,0.004867,0.457900,0.004900,-0.453000
0.000000,0.000000,0.118607,0.000000,0.000000,0.000000,1.000000,0.000000,-0.177485,-0.457900,-0.004900,0.453000,0.493395,0.349100,0.036954,0.000000,0.000000,-0.002885,0.457900,0.004900,-0.453000
0.000000,0.000000,0.118835,0.000000,0.000000,0.000000,1.000000,0.000000,-0.183163,-0.457900,-0.004900,0.453000,0.502480,0.349100,0.040187,0.000000,0.000000,-0.008563,0.457900,0.004900,-0.453000
0.000000,0.000000,0.118967,0.000000,0.000000,0.000000,1.000000,0.000000,-0.186474,-0.457900,-0.004900,0.453000,0.507779,0.349100,0.043388,0.000000,0.000000,-0.011874,0.457900,0.004900,-0.453000
0.000000,0.000000,0.118998,0.000000,0.000000,0.000000,1.000000,0.000000,-0.187248,-0.457900,-0.004900,0.453000,0.509017,0.349100,0.046554,0.000000,0.000000,-0.012648,0.457900,0.004900,-0.453000
0.000000,0.000000,0.118926,0.000000,0.000000,0.000000,1.000000,0.000000,-0.185444,-0.457900,-0.004900,0.453000,0.506130,0.349100,0.049682,0.000000,0.000000,-0.010844,0.457900,0.004900,-0.453000
0.000000,0.000000,0.118754,0.000000,0.000000,0.000000,1.000000,0.000000,-0.181156,-0.457900,-0.004900,0.453000,0.499269,0.349100,0.052770,0.000000,0.000000,-0.006556,0.457900,0.004900,-0.453000
0.000000,0.000000,0.118492,0.000000,0.000000,0.000000,1.000000,0.000000,-0.174604,-0.457900,-0.004900,0.453000,0.488786,0.349100,0.055815,0.000000,0.000000,-0.000004,0.457900,0.004900,-0.453000
0.000000,0.000000,0.118153,0.000000,0.000000,0.000000,1.000000,0.000000,-0.166127,-0.457900,-0.004900,0.453000,0.475224,0.349100,0.058815,0.000000,0.000000,0.008473,0.457900,0.004900,-0.453000
0.000000,0.000000,0.117755,0.000000,0.000000,0.000000,1.000000,0.000000,-0.156163,-0.457900,-0.004900,0.453000,0.459281,0.349100,0.061768,0.000000,0.000000,0.018437,0.457900,0.004900,-0.453000
0.000000,0.000000,0.117317,0.000000,0.000000,0.000000,1.000000,0.000000,-0.145225,-0.457900,-0.004900,0.453000,0.441780,0.349100,0.064670,0.000000,0.000000,0.029375,0.457900,0.004900,-0.453000
0.000000,0.000000,0.116863,0.000000,0.000000,0.000000,1.000000,0.000000,-0.133878,-0.457900,-0.004900,0.453000,0.423625,0.349100,0.067520,0.000000,0.000000,0.040722,0.457900,0.004900,-0.453000
0.000000,0.000000,0.116416,0.000000,0.000000,0.000000,1.000000,0.000000,-0.122708,-0.457900,-0.004900,0.453000,0.405753,0.349100,0.070315,0.000000,0.000000,0.051892,0.457900,0.004900,-0.453000
0.000000,0.000000,0.116000,0.000000,0.000000,0.000000,1.000000,0.000000,-0.112291,-0.457900,-0.004900,0.453000,0.389085,0.349100,0.073054,0.000000,0.000000,0.062309,0.457900,0.004900,-0.453000
0.000000,0.000000,0.115635,0.000000,0.000000,0.000000,1.000000,0.000000,-0.103164,-0.457900,-0.004900,0.453000,0.374483,0.349100,0.075733,0.000000,0.000000,0.071436,0.457900,0.004900,-0.453000
0.000000,0.000000,0.115340,0.000000,0.000000,0.000000,1.000000,0.000000,-0.095799,-0.457900,-0.004900,0.453000,0.362699,0.349100,0.078351,0.000000,0.000000,0.078801,0.457900,0.004900,-0.453000
0.000000,0.000000,0.115131,0.000000,0.000000,0.000000,1.000000,0.000000,-0.090576,-0.457900,-0.004900,0.453000,0.354342,0.349100,0.080905,0.000000,0.000000,0.084024,0.457900,0.004900,-0.453000
0.000000,0.000000,0.115019,0.000000,0.000000,0.000000,1.000000,0.000000,-0.087764,-0.457900,-0.004900,0.453000,0.349842,0.349100,0.083394,0.000000,0.000000,0.086836,0.457900,0.004900,-0.453000
0.000000,0.000000,0.115008,0.000000,0.000000,0.000000,1.000000,0.000000,-0.087092,-0.457900,-0.004900,0.453000,0.349100,0.349100,0.085816,0.000000,0.000000,0.087508,0.457900,0.004900,-0.453000
0.000000,0.000000,0.115101,0.000000,0.000000,0.000000,1.000000,0.000000,-0.084778,-0.457900,-0.004900,0.453000,0.349100,0.349100,0.088168,0.000000,0.000000,0.089822,0.457900,0.004900,-0.453000
0.000000,0.000000,0.115291,0.000000,0.000000,0.000000,1.000000,0.000000,-0.080014,-0.457900,-0.004900,0.453000,0.349100,0.349100,0.090448,0.000000,0.000000,0.094586,0.457900,0.004900,-0.453000
0.000000,0.000000,0.115570,0.000000,0.000000,0.000000,1.000000,0.000000,-0.073046,-0.457900,-0.004900,0.453000,0.349100,0.349100,0.092656,0.000000,0.000000,0.101554,0.457900,0.004900,-0.453000
0.000000,0.000000,0.115923,0.000000,0.000000,0.000000,1.000000,0.000000,-0.064233,-0.457900,-0.004900,0.453000,0.349100,0.349100,0.094788,0.000000,0.000000,0.110367,0.457900,0.004900,-0.453000
0.000000,0.000000,0.116331,0.000000,0.000000,0.000000,1.000000,0.000000,-0.054030,-0.457900,-0.004900,0.453000,0.349100,0.349100,0.096843,0.000000,0.000000,0.120570,0.457900,0.004900,-0.453000
0.000000,0.000000,0.116773,0.000000,0.000000,0.000000,1.000000,0.000000,-0.042964,-0.457900,-0.004900,0.453000,0.349100,0.349100,0.098820,0.000000,0.000000,0.131636,0.457900,0.004900,-0.453000
0.000000,0.000000,0.117228,0.000000,0.000000,0.000000,1.000000,0.000000,-0.031605,-0.457900,-0.004900,0.453000,0.349100,0.349100,0.100717,0.000000,0.000000,0.142995,0.457900,0.004900,-0.453000
0.000000,0.000000,0.117670,0.000000,0.000000,0.000000,1.000000,0.000000,-0.020541,-0.457900,-0.004900,0.453000,0.349100,0.349100,0.102533,0.000000,0.000000,0.154059,0.457900,0.004900,-0.453000
0.000000,0.000000,0.118078,0.000000,0.000000,0.000000,1.000000,0.000000,-0.010341,-0.457900,-0.004900,0.453000,0.349100,0.349100,0.104265,0.000000,0.000000,0.164259,0.457900,0.004900,-0.453000
0.000000,0.000000,0.118431,0.000000,0.000000,0.000000,1.000000,0.000000,-0.001532,-0.457900,-0.004900,0.453000,0.349100,0.349100,0.105913,0.000000,0.000000,0.173068,0.457900,0.004900,-0.453000
0.000000,0.000000,0.118709,0.000000,0.000000,0.000000,1.000000,0.000000,0.005430,-0.457900,-0.004900,0.453000,0.349100,0.349100,0.107476,0.000000,0.000000,0.180030,0.457900,0.004900,-0.453000
0.000000,0.000000,0.118900,0.000000,0.000000,0.000000,1.000000,0.000000,0.010188,-0.457900,-0.004900,0.453000,0.349100,0.349100,0.108951,0.000000,0.000000,0.184788,0.457900,0.004900,-0.453000
0.000000,0.000000,0.118992,0.000000,0.000000,0.000000,1.000000,0.000000,0.012495,-0.457900,-0.004900,0.453000,0.349100,0.349100,0.110338,0.000000,0.000000,0.187095,0.457900,0.004900,-0.453000
0.000000,0.000000,0.118981,0.000000,0.000000,0.000000,1.000000,0.000000,0.012232,-0.457900,-0.004900,0.453000,0.349100,0.349100,0.111636,0.000000,0.000000,0.186832,0.457900,0.004900,-0.453000
0.000000,0.000000,0.118869,0.000000,0.000000,0.000000,1.000000,0.000000,0.009413,-0.457900,-0.004900,0.453000,0.349100,0.349100,0.112843,0.000000,0.000000,0.184013,0.457900,0.004900,-0.453000
0.000000,0.000000,0.118659,0.000000,0.000000,0.000000,1.000000,0.000000,0.004183,-0.457900,-0.004900,0.453000,0.349100,0.349100,0.113959,0.000000,0.000000,0.178783,0.457900,0.004900,-0.453000
0.000000,0.000000,0.118365,0.000000,0.000000,0.000000,1.000000,0.000000,-0.003187,-0.457900,-0.004900,0.453000,0.349100,0.349100,0.114982,0.000000,0.000000,0.171413,0.457900,0.004900,-0.453000
0.000000,0.000000,0.117999,0.000000,0.000000,0.000000,1.000000,0.000000,-0.012318,-0.457900,-0.004900,0.453000,0.349100,0.349100,0.115913,0.000000,0.000000,0.162282,0.457900,0.004900,-0.453000
0.000000,0.000000,0.117582,0.000000,0.000000,0.000000,1.000000,0.000000,-0.022738,-0.457900,-0.004900,0.453000,0.349100,0.349100,0.116749,0.000000,0.000000,0.151862,0.457900,0.004900,-0.453000
0.000000,0.000000,0.117136,0.000000,0.000000,0.000000,1.000000,0.000000,-0.033910,-0.457900,-0.004900,0.453000,0.349100,0.349100,0.117491,0.000000,0.000000,0.140690,0.457900,0.004900,-0.453000
0.000000,0.000000,0.116682,0.000000,0.000000,0.000000,1.000000,0.000000,-0.045256,-0.457900,-0.004900,0.453000,0.349100,0.349100,0.118138,0.000000,0.000000,0.129344,0.457900,0.004900,-0.453000
0.000000,0.000000,0.116244,0.000000,0.000000,0.000000,1.000000,0.000000,-0.056192,-0.457900,-0.004900,0.453000,0.349100,0.349100,0.118690,0.000000,0.000000,0.118408,0.457900,0.004900,-0.453000
0.000000,0.000000,0.115846,0.000000,0.000000,0.000000,1.000000,0.000000,-0.066153,-0.457900,-0.004900,0.453000,0.349100,0.349100,0.119145,0.000000,0.000000,0.108447,0.457900,0.004900,-0.453000
0.000000,0.000000,0.115507,0.000000,0.000000,0.000000,1.000000,0.000000,-0.074625,-0.457900,-0.004900,0.453000,0.349100,0.349100,0.119503,0.000000,0.000000,0.099975,0.457900,0.004900,-0.453000
0.000000,0.000000,0.115245,0.000000,0.000000,0.000000,1.000000,0.000000,-0.081171,-0.457900,-0.004900,0.453000,0.349100,0.349100,0.119765,0.000000,0.000000,0.093429,0.457900,0.004900,-0.453000
0.000000,0.000000,0.115074,0.000000,0.000000,0.000000,1.000000,0.000000,-0.085452,-0.457900,-0.004900,0.453000,0.349100,0.349100,0.119930,0.000000,0.000000,0.089148,0.457900,0.004900,-0.453000
0.000000,0.000000,0.115002,0.000000,0.000000,0.000000,1.000000,0.000000,-0.087249,-0.457900,-0.004900,0.453000,0.349100,0.349100,0.119998,0.000000,0.000000,0.087351,0.457900,0.004900,-0.453000
0.000000,0.000000,0.115033,0.000000,0.000000,0.000000,1.000000,0.000000,-0.088132,-0.457900,-0.004900,0.453000,0.350430,0.349100,0.119969,0.000000,0.000000,0.086468,0.457900,0.004900,-0.453000
0.000000,0.000000,0.115166,0.000000,0.000000,0.000000,1.000000,0.000000,-0.091450,-0.457900,-0.004900,0.453000,0.355740,0.349100,0.119842,0.000000,0.000000,0.083150,0.457900,0.004900,-0.453000
0.000000,0.000000,0.115393,0.000000,0.000000,0.000000,1.000000,0.000000,-0.097134,-0.457900,-0.004900,0.453000,0.364835,0.349100,0.119619,0.000000,0.000000,0.077466,0.457900,0.004900,-0.453000
0.000000,0.000000,0.115704,0.000000,0.000000,0.000000,1.000000,0.000000,-0.104891,-0.457900,-0.004900,0.453000,0.377246,0.349100,0.119298,0.000000,0.000000,0.069709,0.457900,0.004900,-0.453000
0.000000,0.000000,0.116081,0.000000,0.000000,0.000000,1.000000,0.000000,-0.114321,-0.457900,-0.004900,0.453000,0.392334,0.349100,0.118881,0.000000,0.000000,0.060279,0.457900,0.004900,-0.453000
0.000000,0.000000,0.116505,0.000000,0.000000,0.000000,1.000000,0.000000,-0.124937,-0.457900,-0.004900,0.453000,0.409318,0.349100,0.118368,0.000000,0.000000,0.049663,0.457900,0.004900,-0.453000
0.000000,0.000000,0.116956,0.000000,0.000000,0.000000,1.000000,0.000000,-0.136190,-0.457900,-0.004900,0.453000,0.427324,0.349100,0.117759,0.000000,0.000000,0.038410,0.457900,0.004900,-0.453000
0.000000,0.000000,0.117408,0.000000,0.000000,0.000000,1.000000,0.000000,-0.147501,-0.457900,-0.004900,0.453000,0.445421,0.349100,0.117054,0.000000,0.000000,0.027099,0.457900,0.004900,-0.453000
0.000000,0.000000,0.117839,0.000000,0.000000,0.000000,1.000000,0.000000,-0.158285,-0.457900,-0.004900,0.453000,0.462676,0.349100,0.116255,0.000000,0.000000,0.016315,0.457900,0.004900,-0.453000
0.000000,0.000000,0.118227,0.000000,0.000000,0.000000,1.000000,0.000000,-0.167987,-0.457900,-0.004900,0.453000,0.478199,0.349100,0.115362,0.000000,0.000000,0.006613,0.457900,0.004900,-0.453000
0.000000,0.000000,0.118552,0.000000,0.000000,0.000000,1.000000,0.000000,-0.176105,-0.457900,-0.004900,0.453000,0.491187,0.349100,0.114375,0.000000,0.000000,-0.001505,0.457900,0.004900,-0.453000
0.000000,0.000000,0.118797,0.000000,0.000000,0.000000,1.000000,0.000000,-0.182220,-0.457900,-0.004900,0.453000,0.500972,0.349100,0.113295,0.000000,0.000000,-0.007620,0.457900,0.004900,-0.453000
0.000000,0.000000,0.118949,0.000000,0.000000,0.000000,1.000000,0.000000,-0.186017,-0.457900,-0.004900,0.453000,0.507047,0.349100,0.112124,0.000000,0.000000,-0.011417,0.457900,0.004900,-0.453000
0.000000,0.000000,0.119000,0.000000,0.000000,0.000000,1.000000,0.000000,-0.187300,-0.457900,-0.004900,0.453000,0.509100,0.349100,0.110862,0.000000,0.000000,-0.012700,0.457900,0.004900,-0.453000
0.000000,0.000000,0.118948,0.000000,0.000000,0.000000,1.000000,0.000000,-0.186003,-0.457900,-0.004900,0.453000,0.507024,0.349100,0.109510,0.000000,0.000000,-0.011403,0.457900,0.004900,-0.453000
0.000000,0.000000,0.118796,0.000000,0.000000,0.000000,1.000000,0.000000,-0.182192,-0.457900,-0.004900,0.453000,0.500927,0.349100,0.108070,0.000000,0.000000,-0.007592,0.457900,0.004900,-0.453000
0.000000,0.000000,0.118551,0.000000,0.000000,0.000000,1.000000,0.000000,-0.176065,-0.457900,-0.004900,0.453000,0.491124,0.349100,0.106542,0.000000,0.000000,-0.001465,0.457900,0.004900,-0.453000
0.000000,0.000000,0.118225,0.000000,0.000000,0.000000,1.000000,0.000000,-0.167937,-0.457900,-0.004900,0.453000,0.478119,0.349100,0.104927,0.000000,0.000000,0.006663,0.457900,0.004900,-0.453000
0.000000,0.000000,0.117837,0.000000,0.000000,0.000000,1.000000,0.000000,-0.158228,-0.457900,-0.004900,0.453000,0.462585,0.349100,0.103228,0.000000,0.000000,0.016372,0.457900,0.004900,-0.453000
0.000000,0.000000,0.117406,0.000000,0.000000,0.000000,1.000000,0.000000,-0.147439,-0.457900,-0.004900,0.453000,0.445323,0.349100,0.101445,0.000000,0.000000,0.027161,0.457900,0.004900,-0.453000
0.000000,0.000000,0.116953,0.000000,0.000000,0.000000,1.000000,0.000000,-0.136127,-0.457900,-0.004900,0.453000,0.427224,0.349100,0.099580,0.000000,0.000000,0.038473,0.457900,0.004900,-0.453000
0.000000,0.000000,0.116503,0.000000,0.000000,0.000000,1.000000,0.000000,-0.124876,-0.457900,-0.004900,0.453000,0.409221,0.349100,0.097635,0.000000,0.000000,0.049724,0.457900,0.004900,-0.453000
0.000000,0.000000,0.116079,0.000000,0.000000,0.000000,1.000000,0.000000,-0.114265,-0.457900,-0.004900,0.453000,0.392244,0.349100,0.095610,0.000000,0.000000,0.060335,0.457900,0.004900,-0.453000
0.000000,0.000000,0.115702,0.000000,0.000000,0.000000,1.000000,0.000000,-0.104844,-0.457900,-0.004900,0.453000,0.377170,0.349100,0.093508,0.000000,0.000000,0.069756,0.457900,0.004900,-0.453000
0.000000,0.000000,0.115392,0.000000,0.000000,0.000000,1.000000,0.000000,-0.097097,-0.457900,-0.004900,0.453000,0.364775,0.349100,0.091330,0.000000,0.000000,0.077503,0.457900,0.004900,-0.453000
0.000000,0.000000,0.115165,0.000000,0.000000,0.000000,1.000000,0.000000,-0.091425,-0.457900,-0.004900,0.453000,0.355700,0.349100,0.089079,0.000000,0.000000,0.083175,0.457900,0.004900,-0.453000
0.000000,0.000000,0.115033,0.000000,0.000000,0.000000,1.000000,0.000000,-0.088120,-0.457900,-0.004900,0.453000,0.350412,0.349100,0.086755,0.000000,0.000000,0.086480,0.457900,0.004900,-0.453000
0.000000,0.000000,0.115002,0.000000,0.000000,0.000000,1.000000,0.000000,-0.087246,-0.457900,-0.004900,0.453000,0.349100,0.349100,0.084360,0.000000,0.000000,0.087354,0.457900,0.004900,-0.453000
0.000000,0.000000,0.115075,0.000000,0.000000,0.000000,1.000000,0.000000,-0.085436,-0.457900,-0.004900,0.453000,0.349100,0.349100,0.081898,0.000000,0.000000,0.089164,0.457900,0.004900,-0.453000
0.000000,0.000000,0.115246,0.000000,0.000000,0.000000,1.000000,0.000000,-0.081141,-0.457900,-0.004900,0.453000,0.349100,0.349100,0.079369,0.000000,0.000000,0.093459,0.457900,0.004900,-0.453000
0.000000,0.000000,0.115509,0.000000,0.000000,0.000000,1.000000,0.000000,-0.074583,-0.457900,-0.004900,0.453000,0.349100,0.349100,0.076776,0.000000,0.000000,0.100017,0.457900,0.004900,-0.453000
0.000000,0.000000,0.115848,0.000000,0.000000,0.000000,1.000000,0.000000,-0.066102,-0.457900,-0.004900,0.453000,0.349100,0.349100,0.074121,0.000000,0.000000,0.108498,0.457900,0.004900,-0.453000
0.000000,0.000000,0.116247,0.000000,0.000000,0.000000,1.000000,0.000000,-0.056134,-0.457900,-0.004900,0.453000,0.349100,0.349100,0.071406,0.000000,0.000000,0.118466,0.457900,0.004900,-0.453000
0.000000,0.000000,0.116684,0.000000,0.000000,0.000000,1.000000,0.000000,-0.045194,-0.457900,-0.004900,0.453000,0.349100,0.349100,0.068633,0.000000,0.000000,0.129406,0.457900,0.004900,-0.453000
0.000000,0.000000,0.117138,0.000000,0.000000,0.000000,1.000000,0.000000,-0.033847,-0.457900,-0.004900,0.453000,0.349100,0.349100,0.065804,0.000000,0.000000,0.140753,0.457900,0.004900,-0.453000
0.000000,0.000000,0.117585,0.000000,0.000000,0.000000,1.000000,0.000000,-0.022678,-0.457900,-0.004900,0.453000,0.349100,0.349100,0.062922,0.000000,0.000000,0.151922,0.457900,0.004900,-0.453000
0.000000,0.000000,0.118001,0.000000,0.000000,0.000000,1.000000,0.000000,-0.012264,-0.457900,-0.004900,0.453000,0.349100,0.349100,0.059989,0.000000,0.000000,0.162336,0.457900,0.004900,-0.453000
0.000000,0.000000,0.118366,0.000000,0.000000,0.000000,1.000000,0.000000,-0.003141,-0.457900,-0.004900,0.453000,0.349100,0.349100,0.057008,0.000000,0.000000,0.171459,0.457900,0.004900,-0.453000
0.000000,0.000000,0.118661,0.000000,0.000000,0.000000,1.000000,0.000000,0.004218,-0.457900,-0.004900,0.453000,0.349100,0.349100,0.053980,0.000000,0.000000,0.178818,0.457900,0.004900,-0.453000
0.000000,0.000000,0.118869,0.000000,0.000000,0.000000,1.000000,0.000000,0.009435,-0.457900,-0.004900,0.453000,0.349100,0.349100,0.050909,0.000000,0.000000,0.184035,0.457900,0.004900,-0.453000
0.000000,0.000000,0.118982,0.000000,0.000000,0.000000,1.000000,0.000000,0.012240,-0.457900,-0.004900,0.453000,0.349100,0.349100,0.047796,0.000000,0.000000,0.186840,0.457900,0.004900,-0.453000
0.000000,0.000000,0.118992,0.000000,0.000000,0.000000,1.000000,0.000000,0.012489,-0.457900,-0.004900,0.453000,0.349100,0.349100,0.044645,0.000000,0.000000,0.187089,0.457900,0.004900,-0.453000
0.000000,0.000000,0.118899,0.000000,0.000000,0.000000,1.000000,0.000000,0.010168,-0.457900,-0.004900,0.453000,0.349100,0.349100,0.041457,0.000000,0.000000,0.184768,0.457900,0.004900,-0.453000
0.000000,0.000000,0.118708,0.000000,0.000000,0.000000,1.000000,0.000000,0.005398,-0.457900,-0.004900,0.453000,0.349100,0.349100,0.038236,0.000000,0.000000,0.179998,0.457900,0.004900,-0.453000
0.000000,0.000000,0.118429,0.000000,0.000000,0.000000,1.000000,0.000000,-0.001576,-0.457900,-0.004900,0.453000,0.349100,0.349100,0.034984,0.000000,0.000000,0.173024,0.457900,0.004900,-0.453000
0.000000,0.000000,0.118076,0.000000,0.000000,0.000000,1.000000,0.000000,-0.010394,-0.457900,-0.004900,0.453000,0.349100,0.349100,0.031704,0.000000,0.000000,0.164206,0.457900,0.004900,-0.453000
0.000000,0.000000,0.117668,0.000000,0.000000,0.000000,1.000000,0.000000,-0.020600,-0.457900,-0.004900,0.453000,0.349100,0.349100,0.028398,0.000000,0.000000,0.154000,0.457900,0.004900,-0.453000
0.000000,0.000000,0.117225,0.000000,0.000000,0.000000,1.000000,0.000000,-0.031668,-0.457900,-0.004900,0.453000,0.349100,0.349100,0.025069,0.000000,0.000000,0.142932,0.457900,0.004900,-0.453000
0.000000,0.000000,0.116771,0.000000,0.000000,0.000000,1.000000,0.000000,-0.043026,-0.457900,-0.004900,0.453000,0.349100,0.349100,0.021720,0.000000,0.000000,0.131574,0.457900,0.004900,-0.453000
0.000000,0.000000,0.116328,0.000000,0.000000,0.000000,1.000000,0.000000,-0.054089,-0.457900,-0.004900,0.453000,0.349100,0.349100,0.018353,0.000000,0.000000,0.120511,0.457900,0.004900,-0.453000
0.000000,0.000000,0.115921,0.000000,0.000000,0.000000,1.000000,0.000000,-0.064286,-0.457900,-0.004900,0.453000,0.349100,0.349100,0.014971,0.000000,0.000000,0.110314,0.457900,0.004900,-0.453000
0.000000,0.000000,0.115568,0.000000,0.000000,0.000000,1.000000,0.000000,-0.073090,-0.457900,-0.004900,0.453000,0.349100,0.349100,0.011578,0.000000,0.000000,0.101510,0.457900,0.004900,-0.453000
0.000000,0.000000,0.115290,0.000000,0.000000,0.000000,1.000000,0.000000,-0.080046,-0.457900,-0.004900,0.453000,0.349100,0.349100,0.008174,0.000000,0.000000,0.094554,0.457900,0.004900,-0.453000
0.000000,0.000000,0.115100,0.000000,0.000000,0.000000,1.000000,0.000000,-0.084798,-0.457900,-0.004900,0.453000,0.349100,0.349100,0.004765,0.000000,0.000000,0.089802,0.457900,0.004900,-0.453000
0.000000,0.000000,0.115008,0.000000,0.000000,0.000000,1.000000,0.000000,-0.087097,-0.457900,-0.004900,0.453000,0.349100,0.349100,0.001351,0.000000,0.000000,0.087503,0.457900,0.004900,-0.453000
0.000000,0.000000,0.115005,0.000000,0.000000,0.000000,1.000000,0.000000,-0.087773,-0.457900,-0.004900,0.453000,0.349573,0.349100,0.002064,0.000000,0.000000,0.086827,0.461917,0.000174,-0.452527
0.000000,0.000000,0.115033,0.000000,0.000000,0.000000,1.000000,0.000000,-0.090598,-0.457900,-0.004900,0.453000,0.352398,0.349100,0.005477,0.000000,0.000000,0.084002,0.485937,-0.028085,-0.449702
0.000000,0.000000,0.115085,0.000000,0.000000,0.000000,1.000000,0.000000,-0.095834,-0.457900,-0.004900,0.453000,0.357634,0.349100,0.008886,0.000000,0.000000,0.078766,0.530443,-0.080445,-0.444466
0.000000,0.000000,0.115159,0.000000,0.000000,0.000000,1.000000,0.000000,-0.103210,-0.457900,-0.004900,0.453000,0.365010,0.349100,0.012287,0.000000,0.000000,0.071390,0.593138,-0.154203,-0.437090
0.000000,0.000000,0.115250,0.000000,0.000000,0.000000,1.000000,0.000000,-0.112345,-0.457900,-0.004900,0.453000,0.374145,0.349100,0.015679,0.000000,0.000000,0.062255,0.670786,-0.245554,-0.427955
0.000000,0.000000,0.115355,0.000000,0.000000,0.000000,1.000000,0.000000,-0.122768,-0.457900,-0.004900,0.453000,0.384568,0.349100,0.019058,0.000000,0.000000,0.051832,0.759380,-0.349782,-0.417532
0.000000,0.000000,0.115466,0.000000,0.000000,0.000000,1.000000,0.000000,-0.133941,-0.457900,-0.004900,0.453000,0.395741,0.349100,0.022421,0.000000,0.000000,0.040659,0.854349,-0.461510,-0.406359
0.000000,0.000000,0.115580,0.000000,0.000000,0.000000,1.000000,0.000000,-0.145287,-0.457900,-0.004900,0.453000,0.407087,0.349100,0.025766,0.000000,0.000000,0.029313,0.950791,-0.574972,-0.395013
0.000000,0.000000,0.115689,0.000000,0.000000,0.000000,1.000000,0.000000,-0.156221,-0.457900,-0.004900,0.453000,0.418021,0.349100,0.029091,0.000000,0.000000,0.018379,1.043730,-0.684311,-0.384079
0.000000,0.000000,0.115789,0.000000,0.000000,0.000000,1.000000,0.000000,-0.166179,-0.457900,-0.004900,0.453000,0.427979,0.349100,0.032391,0.000000,0.000000,0.008421,1.128368,-0.783886,-0.374121
0.000000,0.000000,0.115873,0.000000,0.000000,0.000000,1.000000,0.000000,-0.174646,-0.457900,-0.004900,0.453000,0.436446,0.349100,0.035666,0.000000,0.000000,-0.000046,1.200340,-0.868558,-0.365654
0.000000,0.000000,0.115939,0.000000,0.000000,0.000000,1.000000,0.000000,-0.181186,-0.457900,-0.004900,0.453000,0.442986,0.349100,0.038912,0.000000,0.000000,-0.006586,1.255929,-0.933958,-0.359114
0.000000,0.000000,0.115982,0.000000,0.000000,0.000000,1.000000,0.000000,-0.185461,-0.457900,-0.004900,0.453000,0.447261,0.349100,0.042126,0.000000,0.000000,-0.010861,1.292268,-0.976709,-0.354839
0.000000,0.000000,0.116000,0.000000,0.000000,0.000000,1.000000,0.000000,-0.187251,-0.457900,-0.004900,0.453000,0.449051,0.349100,0.045306,0.000000,0.000000,-0.012651,1.307481,-0.994607,-0.353049
0.000000,0.000000,0.115992,0.000000,0.000000,0.000000,1.000000,0.000000,-0.186463,-0.457900,-0.004900,0.453000,0.448263,0.349100,0.048449,0.000000,0.000000,-0.011863,1.300783,-0.986727,-0.353837
0.000000,0.000000,0.115958,0.000000,0.000000,0.000000,1.000000,0.000000,-0.183138,-0.457900,-0.004900,0.453000,0.444938,0.349100,0.051554,0.000000,0.000000,-0.008538,1.272520,-0.953477,-0.357162
0.000000,0.000000,0.115901,0.000000,0.000000,0.000000,1.000000,0.000000,-0.177447,-0.457900,-0.004900,0.453000,0.439247,0.349100,0.054616,0.000000,0.000000,-0.002847,1.224150,-0.896571,-0.362853
0.000000,0.000000,0.115824,0.000000,0.000000,0.000000,1.000000,0.000000,-0.169685,-0.457900,-0.004900,0.453000,0.431485,0.349100,0.057634,0.000000,0.000000,0.004915,1.158170,-0.818947,-0.370615
0.000000,0.000000,0.115730,0.000000,0.000000,0.000000,1.000000,0.000000,-0.160251,-0.457900,-0.004900,0.453000,0.422051,0.349100,0.060606,0.000000,0.000000,0.014349,1.077984,-0.724611,-0.380049
0.000000,0.000000,0.115623,0.000000,0.000000,0.000000,1.000000,0.000000,-0.149633,-0.457900,-0.004900,0.453000,0.411433,0.349100,0.063528,0.000000,0.000000,0.024967,0.987731,-0.618430,-0.390667
0.000000,0.000000,0.115511,0.000000,0.000000,0.000000,1.000000,0.000000,-0.138379,-0.457900,-0.004900,0.453000,0.400179,0.349100,0.066399,0.000000,0.000000,0.036221,0.892068,-0.505885,-0.401921
0.000000,0.000000,0.115398,0.000000,0.000000,0.000000,1.000000,0.000000,-0.127068,-0.457900,-0.004900,0.453000,0.388868,0.349100,0.069216,0.000000,0.000000,0.047532,0.795931,-0.392784,-0.413232
0.000000,0.000000,0.115290,0.000000,0.000000,0.000000,1.000000,0.000000,-0.116286,-0.457900,-0.004900,0.453000,0.378086,0.349100,0.071978,0.000000,0.000000,0.058314,0.704283,-0.284962,-0.424014
0.000000,0.000000,0.115193,0.000000,0.000000,0.000000,1.000000,0.000000,-0.106588,-0.457900,-0.004900,0.453000,0.368388,0.349100,0.074680,0.000000,0.000000,0.068012,0.621852,-0.187985,-0.433712
0.000000,0.000000,0.115112,0.000000,0.000000,0.000000,1.000000,0.000000,-0.098476,-0.457900,-0.004900,0.453000,0.360276,0.349100,0.077323,0.000000,0.000000,0.076124,0.552893,-0.106857,-0.441824
0.000000,0.000000,0.115051,0.000000,0.000000,0.000000,1.000000,0.000000,-0.092366,-0.457900,-0.004900,0.453000,0.354166,0.349100,0.079903,0.000000,0.000000,0.082234,0.500965,-0.045764,-0.447934
0.000000,0.000000,0.115013,0.000000,0.000000,0.000000,1.000000,0.000000,-0.088576,-0.457900,-0.004900,0.453000,0.350376,0.349100,0.082418,0.000000,0.000000,0.086024,0.468746,-0.007860,-0.451724
0.000000,0.000000,0.115000,0.000000,0.000000,0.000000,1.000000,0.000000,-0.087300,-0.457900,-0.004900,0.453000,0.349100,0.349100,0.084866,0.000000,0.000000,0.087300,0.457900,0.004900,-0.453000
0.000000,0.000000,0.114935,0.000000,0.000000,0.000000,1.000000,0.000000,-0.087300,-0.457900,-0.004900,0.453000,0.349100,0.349100,0.087246,0.000000,0.000000,0.087300,0.457900,0.004900,-0.453000
0.000000,0.000000,0.114744,0.000000,0.000000,0.000000,1.000000,0.000000,-0.087300,-0.457900,-0.004900,0.453000,0.349100,0.349100,0.089555,0.000000,0.000000,0.087300,0.457900,0.004900,-0.453000
0.000000,0.000000,0.114437,0.000000,0.000000,0.000000,1.000000,0.000000,-0.087300,-0.457900,-0.004900,0.453000,0.349100,0.349100,0.091791,0.000000,0.000000,0.087300,0.457900,0.004900,-0.453000
0.000000,0.000000,0.114031,0.000000,0.000000,0.000000,1.000000,0.000000,-0.087300,-0.457900,-0.004900,0.453000,0.349100,0.349100,0.093953,0.000000,0.000000,0.087300,0.457900,0.004900,-0.453000
0.000000,0.000000,0.113545,0.000000,0.000000,0.000000,1.000000,0.000000,-0.087300,-0.457900,-0.004900,0.453000,0.349100,0.349100,0.096039,0.000000,0.000000,0.087300,0.457900,0.004900,-0.453000
0.000000,0.000000,0.113005,0.000000,0.000000,0.000000,1.000000,0.000000,-0.087300,-0.457900,-0.004900,0.453000,0.349100,0.349100,0.098048,0.000000,0.000000,0.087300,0.457900,0.004900,-0.453000
0.000000,0.000000,0.112440,0.000000,0.000000,0.000000,1.000000,0.000000,-0.087300,-0.457900,-0.004900,0.453000,0.349100,0.349100,0.099977,0.000000,0.000000,0.087300,0.457900,0.004900,-0.453000
0.000000,0.000000,0.111877,0.000000,0.000000,0.000000,1.000000,0.000000,-0.087300,-0.457900,-0.004900,0.453000,0.349100,0.349100,0.101825,0.000000,0.000000,0.087300,0.457900,0.004900,-0.453000
0.000000,0.000000,0.111347,0.000000,0.000000,0.000000,1.000000,0.000000,-0.087300,-0.457900,-0.004900,0.453000,0.349100,0.349100,0.103590,0.000000,0.000000,0.087300,0.457900,0.004900,-0.453000
0.000000,0.000000,0.110876,0.000000,0.000000,0.000000,1.000000,0.000000,-0.087300,-0.457900,-0.004900,0.453000,0.349100,0.349100,0.105272,0.000000,0.000000,0.087300,0.457900,0.004900,-0.453000
0.000000,0.000000,0.110489,0.000000,0.000000,0.000000,1.000000,0.000000,-0.087300,-0.457900,-0.004900,0.453000,0.349100,0.349100,0.106868,0.000000,0.000000,0.087300,0.457900,0.004900,-0.453000
0.000000,0.000000,0.110206,0.000000,0.000000,0.000000,1.000000,0.000000,-0.087300,-0.457900,-0.004900,0.453000,0.349100,0.349100,0.108378,0.000000,0.000000,0.087300,0.457900,0.004900,-0.453000
0.000000,0.000000,0.110041,0.000000,0.000000,0.000000,1.000000,0.000000,-0.087300,-0.457900,-0.004900,0.453000,0.349100,0.349100,0.109800,0.000000,0.000000,0.087300,0.457900,0.004900,-0.453000
0.000000,0.000000,0.110003,0.000000,0.000000,0.000000,1.000000,0.000000,-0.087300,-0.457900,-0.004900,0.453000,0.349100,0.349100,0.111133,0.000000,0.000000,0.087300,0.457900,0.004900,-0.453000
0.000000,0.000000,0.110094,0.000000,0.000000,0.000000,1.000000,0.000000,-0.087300,-0.457900,-0.004900,0.453000,0.349100,0.349100,0.112376,0.000000,0.000000,0.087300,0.457900,0.004900,-0.453000
0.000000,0.000000,0.110309,0.000000,0.000000,0.000000,1.000000,0.000000,-0.087300,-0.457900,-0.004900,0.453000,0.349100,0.349100,0.113528,0.000000,0.000000,0.087300,0.457900,0.004900,-0.453000
0.000000,0.000000,0.110637,0.000000,0.000000,0.000000,1.000000,0.000000,-0.087300,-0.457900,-0.004900,0.453000,0.349100,0.349100,0.114588,0.000000,0.000000,0.087300,0.457900,0.004900,-0.453000
0.000000,0.000000,0.111061,0.000000,0.000000,0.000000,1.000000,0.000000,-0.087300,-0.457900,-0.004900,0.453000,0.349100,0.349100,0.115556,0.000000,0.000000,0.087300,0.457900,0.004900,-0.453000
0.000000,0.000000,0.111560,0.000000,0.000000,0.000000,1.000000,0.000000,-0.087300,-0.457900,-0.004900,0.453000,0.349100,0.349100,0.116430,0.000000,0.000000,0.087300,0.457900,0.004900,-0.453000
0.000000,0.000000,0.112107,0.000000,0.000000,0.000000,1.000000,0.000000,-0.087300,-0.457900,-0.004900,0.453000,0.349100,0.349100,0.117209,0.000000,0.000000,0.087300,0.457900,0.004900,-0.453000
0.000000,0.000000,0.112674,0.000000,0.000000,0.000000,1.000000,0.000000,-0.087300,-0.457900,-0.004900,0.453000,0.349100,0.349100,0.117894,0.000000,0.000000,0.087300,0.457900,0.004900,-0.453000
0.000000,0.000000,0.113233,0.000000,0.000000,0.000000,1.000000,0.000000,-0.087300,-0.457900,-0.004900,0.453000,0.349100,0.349100,0.118483,0.000000,0.000000,0.087300,0.457900,0.004900,-0.453000
0.000000,0.000000,0.113753,0.000000,0.000000,0.000000,1.000000,0.000000,-0.087300,-0.457900,-0.004900,0.453000,0.349100,0.349100,0.118976,0.000000,0.000000,0.087300,0.457900,0.004900,-0.453000
0.000000,0.000000,0.114209,0.000000,0.000000,0.000000,1.000000,0.000000,-0.087300,-0.457900,-0.004900,0.453000,0.349100,0.349100,0.119373,0.000000,0.000000,0.087300,0.457900,0.004900,-0.453000
0.000000,0.000000,0.114577,0.000000,0.000000,0.000000,1.000000,0.000000,-0.087300,-0.457900,-0.004900,0.453000,0.349100,0.349100,0.119673,0.000000,0.000000,0.087300,0.457900,0.004900,-0.453000
0.000000,0.000000,0.114837,0.000000,0.000000,0.000000,1.000000,0.000000,-0.087300,-0.457900,-0.004900,0.453000,0.349100,0.349100,0.119877,0.000000,0.000000,0.087300,0.457900,0.004900,-0.453000
0.000000,0.000000,0.114977,0.000000,0.000000,0.000000,1.000000,0.000000,-0.087300,-0.457900,-0.004900,0.453000,0.349100,0.349100,0.119983,0.000000,0.000000,0.087300,0.457900,0.004900,-0.453000
0.000000,0.000012,0.114989,0.000000,0.000000,0.000000,1.000000,0.000000,-0.087300,-0.457900,-0.004900,0.453000,0.349100,0.349100,0.119992,0.000000,0.000000,0.087300,0.457900,0.004900,-0.453000
0.000000,0.000144,0.114873,0.000000,0.000000,0.000000,1.000000,0.000000,-0.087300,-0.457900,-0.004900,0.453000,0.349100,0.349100,0.119904,0.000000,0.000000,0.087300,0.457900,0.004900,-0.453000
0.000000,0.000415,0.114634,0.000000,0.000000,0.000000,1.000000,0.000000,-0.087300,-0.457900,-0.004900,0.453000,0.349100,0.349100,0.119719,0.000000,0.000000,0.087300,0.457900,0.004900,-0.453000
0.000000,0.000822,0.114285,0.000000,0.000000,0.000000,1.000000,0.000000,-0.087300,-0.457900,-0.004900,0.453000,0.349100,0.349100,0.119437,0.000000,0.000000,0.087300,0.457900,0.004900,-0.453000
0.000000,0.001358,0.113844,0.000000,0.000000,0.000000,1.000000,0.000000,-0.087300,-0.457900,-0.004900,0.453000,0.349100,0.349100,0.119058,0.000000,0.000000,0.087300,0.457900,0.004900,-0.453000
0.000000,0.002018,0.113334,0.000000,0.000000,0.000000,1.000000,0.000000,-0.087300,-0.457900,-0.004900,0.453000,0.349100,0.349100,0.118582,0.000000,0.000000,0.087300,0.457900,0.004900,-0.453000
0.000000,0.002797,0.112780,0.000000,0.000000,0.000000,1.000000,0.000000,-0.087300,-0.457900,-0.004900,0.453000,0.349100,0.349100,0.118011,0.000000,0.000000,0.087300,0.457900,0.004900,-0.453000
0.000000,0.003689,0.112212,0.000000,0.000000,0.000000,1.000000,0.000000,-0.087300,-0.457900,-0.004900,0.453000,0.349100,0.349100,0.117344,0.000000,0.000000,0.087300,0.457900,0.004900,-0.453000
0.000000,0.004689,0.111659,0.000000,0.000000,0.000000,1.000000,0.000000,-0.087300,-0.457900,-0.004900,0.453000,0.349100,0.349100,0.116582,0.000000,0.000000,0.087300,0.457900,0.004900,-0.453000
0.000000,0.005792,0.111149,0.000000,0.000000,0.000000,1.000000,0.000000,-0.087300,-0.457900,-0.004900,0.453000,0.349100,0.349100,0.115726,0.000000,0.000000,0.087300,0.457900,0.004900,-0.453000
0.000000,0.006992,0.110709,0.000000,0.000000,0.000000,1.000000,0.000000,-0.087300,-0.457900,-0.004900,0.453000,0.349100,0.349100,0.114776,0.000000,0.000000,0.087300,0.457900,0.004900,-0.453000
0.000000,0.008285,0.110362,0.000000,0.000000,0.000000,1.000000,0.000000,-0.087300,-0.457900,-0.004900,0.453000,0.349100,0.349100,0.113733,0.000000,0.000000,0.087300,0.457900,0.004900,-0.453000
0.000000,0.009664,0.110125,0.000000,0.000000,0.000000,1.000000,0.000000,-0.087300,-0.457900,-0.004900,0.453000,0.349100,0.349100,0.112598,0.000000,0.000000,0.087300,0.457900,0.004900,-0.453000
0.000000,0.011124,0.110010,0.000000,0.000000,0.000000,1.000000,0.000000,-0.087300,-0.457900,-0.004900,0.453000,0.349100,0.349100,0.111372,0.000000,0.000000,0.087300,0.457900,0.004900,-0.453000
0.000000,0.012660,0.110024,0.000000,0.000000,0.000000,1.000000,0.000000,-0.087300,-0.457900,-0.004900,0.453000,0.349100,0.349100,0.110056,0.000000,0.000000,0.087300,0.457900,0.004900,-0.453000
0.000000,0.014267,0.110165,0.000000,0.000000,0.000000,1.000000,0.000000,-0.087300,-0.457900,-0.004900,0.453000,0.349100,0.349100,0.108650,0.000000,0.000000,0.087300,0.457900,0.004900,-0.453000
0.000000,0.015939,0.110428,0.000000,0.000000,0.000000,1.000000,0.000000,-0.087300,-0.457900,-0.004900,0.453000,0.349100,0.349100,0.107157,0.000000,0.000000,0.087300,0.457900,0.004900,-0.453000
0.000000,0.017671,0.110797,0.000000,0.000000,0.000000,1.000000,0.000000,-0.087300,-0.457900,-0.004900,0.453000,0.349100,0.349100,0.105576,0.000000,0.000000,0.087300,0.457900,0.004900,-0.453000
0.000000,0.019458,0.111254,0.000000,0.000000,0.000000,1.000000,0.000000,-0.087300,-0.457900,-0.004900,0.453000,0.349100,0.349100,0.103910,0.000000,0.000000,0.087300,0.457900,0.004900,-0.453000
0.000000,0.021294,0.111775,0.000000,0.000000,0.000000,1.000000,0.000000,-0.087300,-0.457900,-0.004900,0.453000,0.349100,0.349100,0.102161,0.000000,0.000000,0.087300,0.457900,0.004900,-0.453000
0.000000,0.023173,0.112334,0.000000,0.000000,0.000000,1.000000,0.000000,-0.087300,-0.457900,-0.004900,0.453000,0.349100,0.349100,0.100328,0.000000,0.000000,0.087300,0.457900,0.004900,-0.453000
0.000000,0.025091,0.112901,0.000000,0.000000,0.000000,1.000000,0.000000,-0.087300,-0.457900,-0.004900,0.453000,0.349100,0.349100,0.098414,0.000000,0.000000,0.087300,0.457900,0.004900,-0.453000
0.000000,0.027042,0.113448,0.000000,0.000000,0.000000,1.000000,0.000000,-0.087300,-0.457900,-0.004900,0.453000,0.349100,0.349100,0.096420,0.000000,0.000000,0.087300,0.457900,0.004900,-0.453000
0.000000,0.029021,0.113945,0.000000,0.000000,0.000000,1.000000,0.000000,-0.087300,-0.457900,-0.004900,0.453000,0.349100,0.349100,0.094349,0.000000,0.000000,0.087300,0.457900,0.004900,-0.453000
0.000000,0.031023,0.114368,0.000000,0.000000,0.000000,1.000000,0.000000,-0.087300,-0.457900,-0.004900,0.453000,0.349100,0.349100,0.092201,0.000000,0.000000,0.087300,0.457900,0.004900,-0.453000
0.000000,0.033041,0.114695,0.000000,0.000000,0.000000,1.000000,0.000000,-0.087300,-0.457900,-0.004900,0.453000,0.349100,0.349100,0.089978,0.000000,0.000000,0.087300,0.457900,0.004900,-0.453000
0.000000,0.035072,0.114908,0.000000,0.000000,0.000000,1.000000,0.000000,-0.087300,-0.457900,-0.004900,0.453000,0.349100,0.349100,0.087682,0.000000,0.000000,0.087300,0.457900,0.004900,-0.453000
0.000000,0.037108,0.114998,0.000000,0.000000,0.000000,1.000000,0.000000,-0.087300,-0.457900,-0.004900,0.453000,0.349100,0.349100,0.085316,0.000000,0.000000,0.087300,0.457900,0.004900,-0.453000
0.000000,0.039146,0.114958,0.000000,0.000000,0.000000,1.000000,0.000000,-0.087300,-0.457900,-0.004900,0.453000,0.349100,0.349100,0.082880,0.000000,0.000000,0.087300,0.457900,0.004900,-0.453000
0.000000,0.041179,0.114791,0.000000,0.000000,0.000000,1.000000,0.000000,-0.087300,-0.457900,-0.004900,0.453000,0.349100,0.349100,0.080377,0.000000,0.000000,0.087300,0.457900,0.004900,-0.453000
0.000000,0.043203,0.114506,0.000000,0.000000,0.000000,1.000000,0.000000,-0.087300,-0.457900,-0.004900,0.453000,0.349100,0.349100,0.077809,0.000000,0.000000,0.087300,0.457900,0.004900,-0.453000
0.000000,0.045211,0.114118,0.000000,0.000000,0.000000,1.000000,0.000000,-0.087300,-0.457900,-0.004900,0.453000,0.349100,0.349100,0.075179,0.000000,0.000000,0.087300,0.457900,0.004900,-0.453000
0.000000,0.047200,0.113646,0.000000,0.000000,0.000000,1.000000,0.000000,-0.087300,-0.457900,-0.004900,0.453000,0.349100,0.349100,0.072487,0.000000,0.000000,0.087300,0.457900,0.004900,-0.453000
0.000000,0.049162,0.113115,0.000000,0.000000,0.000000,1.000000,0.000000,-0.087300,-0.457900,-0.004900,0.453000,0.349100,0.349100,0.069736,0.000000,0.000000,0.087300,0.457900,0.004900,-0.453000
0.000000,0.051094,0.112552,0.000000,0.000000,0.000000,1.000000,0.000000,-0.087300,-0.457900,-0.004900,0.453000,0.349100,0.349100,0.066929,0.000000,0.000000,0.087300,0.457900,0.004900,-0.453000
0.000000,0.052989,0.111987,0.000000,0.000000,0.000000,1.000000,0.000000,-0.087300,-0.457900,-0.004900,0.453000,0.349100,0.349100,0.064068,0.000000,0.000000,0.087300,0.457900,0.004900,-0.453000
0.000000,0.054842,0.111448,0.000000,0.000000,0.000000,1.000000,0.000000,-0.087300,-0.457900,-0.004900,0.453000,0.349100,0.349100,0.061155,0.000000,0.000000,0.087300,0.457900,0.004900,-0.453000
0.000000,0.056648,0.110963,0.000000,0.000000,0.000000,1.000000,0.000000,-0.087300,-0.457900,-0.004900,0.453000,0.349100,0.349100,0.058193,0.000000,0.000000,0.087300,0.457900,0.004900,-0.453000
0.000000,0.058402,0.110558,0.000000,0.000000,0.000000,1.000000,0.000000,-0.087300,-0.457900,-0.004900,0.453000,0.349100,0.349100,0.055183,0.000000,0.000000,0.087300,0.457900,0.004900,-0.453000
0.000000,0.060097,0.110253,0.000000,0.000000,0.000000,1.000000,0.000000,-0.087300,-0.457900,-0.004900,0.453000,0.349100,0.349100,0.052129,0.000000,0.000000,0.087300,0.457900,0.004900,-0.453000
0.000000,0.061730,0.110063,0.000000,0.000000,0.000000,1.000000,0.000000,-0.087300,-0.457900,-0.004900,0.453000,0.349100,0.349100,0.049032,0.000000,0.000000,0.087300,0.457900,0.004900,-0.453000
0.000000,0.063294,0.110000,0.000000,0.000000,0.000000,1.000000,0.000000,-0.087300,-0.457900,-0.004900,0.453000,0.349100,0.349100,0.045896,0.000000,0.000000,0.087300,0.457900,0.004900,-0.453000
0.000000,0.064784,0.110066,0.000000,0.000000,0.000000,1.000000,0.000000,-0.087300,-0.457900,-0.004900,0.453000,0.349100,0.349100,0.042722,0.000000,0.000000,0.087300,0.457900,0.004900,-0.453000
0.000000,0.066195,0.110257,0.000000,0.000000,0.000000,1.000000,0.000000,-0.087300,-0.457900,-0.004900,0.453000,0.349100,0.349100,0.039514,0.000000,0.000000,0.087300,0.457900,0.004900,-0.453000
0.000000,0.067521,0.110564,0.000000,0.000000,0.000000,1.000000,0.000000,-0.087300,-0.457900,-0.004900,0.453000,0.349100,0.349100,0.036274,0.000000,0.000000,0.087300,0.457900,0.004900,-0.453000
0.000000,0.068758,0.110971,0.000000,0.000000,0.000000,1.000000,0.000000,-0.087300,-0.457900,-0.004900,0.453000,0.349100,0.349100,0.033005,0.000000,0.000000,0.087300,0.457900,0.004900,-0.453000
0.000000,0.069899,0.111456,0.000000,0.000000,0.000000,1.000000,0.000000,-0.087300,-0.457900,-0.004900,0.453000,0.349100,0.349100,0.029709,0.000000,0.000000,0.087300,0.457900,0.004900,-0.453000
0.000000,0.070939,0.111996,0.000000,0.000000,0.000000,1.000000,0.000000,-0.087300,-0.457900,-0.004900,0.453000,0.349100,0.349100,0.026389,0.000000,0.000000,0.087300,0.457900,0.004900,-0.453000
0.000000,0.071873,0.112562,0.000000,0.000000,0.000000,1.000000,0.000000,-0.087300,-0.457900,-0.004900,0.453000,0.349100,0.349100,0.023047,0.000000,0.000000,0.087300,0.457900,0.004900,-0.453000
0.000000,0.072697,0.113124,0.000000,0.000000,0.000000,1.000000,0.000000,-0.087300,-0.457900,-0.004900,0.453000,0.349100,0.349100,0.019687,0.000000,0.000000,0.087300,0.457900,0.004900,-0.453000
0.000000,0.073403,0.113655,0.000000,0.000000,0.000000,1.000000,0.000000,-0.087300,-0.457900,-0.004900,0.453000,0.349100,0.349100,0.016311,0.000000,0.000000,0.087300,0.457900,0.004900,-0.453000
0.000000,0.073987,0.114125,0.000000,0.000000,0.000000,1.000000,0.000000,-0.087300,-0.457900,-0.004900,0.453000,0.349100,0.349100,0.012921,0.000000,0.000000,0.087300,0.457900,0.004900,-0.453000
0.000000,0.074444,0.114512,0.000000,0.000000,0.000000,1.000000,0.000000,-0.087300,-0.457900,-0.004900,0.453000,0.349100,0.349100,0.009522,0.000000,0.000000,0.087300,0.457900,0.004900,-0.453000
0.000000,0.074768,0.114795,0.000000,0.000000,0.000000,1.000000,0.000000,-0.087300,-0.457900,-0.004900,0.453000,0.349100,0.349100,0.006114,0.000000,0.000000,0.087300,0.457900,0.004900,-0.453000
0.000000,0.074954,0.114960,0.000000,0.000000,0.000000,1.000000,0.000000,-0.087300,-0.457900,-0.004900,0.453000,0.349100,0.349100,0.002702,0.000000,0.000000,0.087300,0.457900,0.004900,-0.453000
0.000000,0.075000,0.115001,0.000000,0.000000,0.000000,1.000000,0.000000,-0.087244,-0.458380,-0.004335,0.452944,0.349156,0.349100,0.000713,0.000000,0.000000,0.087356,0.457900,0.004900,-0.453000
0.000000,0.075000,0.115019,0.000000,0.000000,0.000000,1.000000,0.000000,-0.085418,-0.473893,0.013915,0.451118,0.350982,0.349100,0.004127,0.000000,0.000000,0.089182,0.457900,0.004900,-0.453000
0.000000,0.075000,0.115062,0.000000,0.000000,0.000000,1.000000,0.000000,-0.081110,-0.510513,0.056997,0.446810,0.355290,0.349100,0.007538,0.000000,0.000000,0.093490,0.457900,0.004900,-0.453000
0.000000,0.075000,0.115128,0.000000,0.000000,0.000000,1.000000,0.000000,-0.074541,-0.566350,0.122688,0.440241,0.361859,0.349100,0.010943,0.000000,0.000000,0.100059,0.457900,0.004900,-0.453000
0.000000,0.075000,0.115212,0.000000,0.000000,0.000000,1.000000,0.000000,-0.066050,-0.638523,0.207597,0.431750,0.370350,0.349100,0.014338,0.000000,0.000000,0.108550,0.457900,0.004900,-0.453000
0.000000,0.075000,0.115312,0.000000,0.000000,0.000000,1.000000,0.000000,-0.056076,-0.723307,0.307344,0.421776,0.380324,0.349100,0.017723,0.000000,0.000000,0.118524,0.457900,0.004900,-0.453000
0.000000,0.075000,0.115422,0.000000,0.000000,0.000000,1.000000,0.000000,-0.045132,-0.816327,0.416779,0.410832,0.391268,0.349100,0.021092,0.000000,0.000000,0.129468,0.457900,0.004900,-0.453000
0.000000,0.075000,0.115535,0.000000,0.000000,0.000000,1.000000,0.000000,-0.033784,-0.912783,0.530257,0.399484,0.402616,0.349100,0.024445,0.000000,0.000000,0.140816,0.457900,0.004900,-0.453000
0.000000,0.075000,0.115647,0.000000,0.000000,0.000000,1.000000,0.000000,-0.022618,-1.007697,0.641920,0.388318,0.413782,0.349100,0.027778,0.000000,0.000000,0.151982,0.457900,0.004900,-0.453000
0.000000,0.075000,0.115751,0.000000,0.000000,0.000000,1.000000,0.000000,-0.012209,-1.096170,0.746006,0.377909,0.424191,0.349100,0.031089,0.000000,0.000000,0.162391,0.457900,0.004900,-0.453000
0.000000,0.075000,0.115842,0.000000,0.000000,0.000000,1.000000,0.000000,-0.003096,-1.173638,0.837144,0.368796,0.433304,0.349100,0.034374,0.000000,0.000000,0.171504,0.457900,0.004900,-0.453000
0.000000,0.075000,0.115916,0.000000,0.000000,0.000000,1.000000,0.000000,0.004253,-1.236101,0.910631,0.361447,0.440653,0.349100,0.037631,0.000000,0.000000,0.178853,0.457900,0.004900,-0.453000
0.000000,0.075000,0.115968,0.000000,0.000000,0.000000,1.000000,0.000000,0.009457,-1.280338,0.962674,0.356243,0.445857,0.349100,0.040858,0.000000,0.000000,0.184057,0.457900,0.004900,-0.453000
0.000000,0.075000,0.115995,0.000000,0.000000,0.000000,1.000000,0.000000,0.012249,-1.304064,0.990587,0.353451,0.448649,0.349100,0.044052,0.000000,0.000000,0.186849,0.457900,0.004900,-0.453000
0.000000,0.075000,0.115998,0.000000,0.000000,0.000000,1.000000,0.000000,0.012483,-1.306055,0.992930,0.353217,0.448883,0.349100,0.047210,0.000000,0.000000,0.187083,0.457900,0.004900,-0.453000
0.000000,0.075000,0.115974,0.000000,0.000000,0.000000,1.000000,0.000000,0.010148,-1.286210,0.969582,0.355552,0.446548,0.349100,0.050330,0.000000,0.000000,0.184748,0.457900,0.004900,-0.453000
0.000000,0.075000,0.115927,0.000000,0.000000,0.000000,1.000000,0.000000,0.005365,-1.245551,0.921748,0.360335,0.441765,0.349100,0.053410,0.000000,0.000000,0.179965,0.457900,0.004900,-0.453000
0.000000,0.075000,0.115857,0.000000,0.000000,0.000000,1.000000,0.000000,-0.001620,-1.186177,0.851896,0.367320,0.434780,0.349100,0.056446,0.000000,0.000000,0.172980,0.457900,0.004900,-0.453000
0.000000,0.075000,0.115769,0.000000,0.000000,0.000000,1.000000,0.000000,-0.010447,-1.111152,0.763632,0.376147,0.425953,0.349100,0.059436,0.000000,0.000000,0.164153,0.457900,0.004900,-0.453000
0.000000,0.075000,0.115666,0.000000,0.000000,0.000000,1.000000,0.000000,-0.020659,-1.024348,0.661510,0.386359,0.415741,0.349100,0.062378,0.000000,0.000000,0.153941,0.457900,0.004900,-0.453000
0.000000,0.075000,0.115556,0.000000,0.000000,0.000000,1.000000,0.000000,-0.031730,-0.930245,0.550800,0.397430,0.404670,0.349100,0.065270,0.000000,0.000000,0.142870,0.457900,0.004900,-0.453000
0.000000,0.075000,0.115442,0.000000,0.000000,0.000000,1.000000,0.000000,-0.043088,-0.833698,0.437215,0.408788,0.393312,0.349100,0.068108,0.000000,0.000000,0.131512,0.457900,0.004900,-0.453000
0.000000,0.075000,0.115332,0.000000,0.000000,0.000000,1.000000,0.000000,-0.054148,-0.739690,0.326618,0.419848,0.382252,0.349100,0.070892,0.000000,0.000000,0.120452,0.457900,0.004900,-0.453000
0.000000,0.075000,0.115230,0.000000,0.000000,0.000000,1.000000,0.000000,-0.064338,-0.653073,0.224716,0.430038,0.372062,0.349100,0.073618,0.000000,0.000000,0.110262,0.457900,0.004900,-0.453000
0.000000,0.075000,0.115142,0.000000,0.000000,0.000000,1.000000,0.000000,-0.073133,-0.578316,0.136766,0.438833,0.363267,0.349100,0.076285,0.000000,0.000000,0.101467,0.457900,0.004900,-0.453000
0.000000,0.075000,0.115072,0.000000,0.000000,0.000000,1.000000,0.000000,-0.080079,-0.519278,0.067309,0.445779,0.356321,0.349100,0.078890,0.000000,0.000000,0.094521,0.457900,0.004900,-0.453000
0.000000,0.075000,0.115025,0.000000,0.000000,0.000000,1.000000,0.000000,-0.084817,-0.479005,0.019929,0.450517,0.351583,0.349100,0.081431,0.000000,0.000000,0.089783,0.457900,0.004900,-0.453000
0.000000,0.075000,0.115002,0.000000,0.000000,0.000000,1.000000,0.000000,-0.087103,-0.459575,-0.002930,0.452803,0.349297,0.349100,0.083906,0.000000,0.000000,0.087497,0.457900,0.004900,-0.453000
0.000000,0.075000,0.114976,0.000000,0.000000,0.000000,1.000000,0.000000,-0.087300,-0.457900,-0.004900,0.453000,0.349100,0.349100,0.086313,0.000000,0.000000,0.087300,0.457900,0.004900,-0.453000
0.000000,0.075000,0.114834,0.000000,0.000000,0.000000,1.000000,0.000000,-0.087300,-0.457900,-0.004900,0.453000,0.349100,0.349100,0.088650,0.000000,0.000000,0.087300,0.457900,0.004900,-0.453000
0.000000,0.075000,0.114572,0.000000,0.000000,0.000000,1.000000,0.000000,-0.087300,-0.457900,-0.004900,0.453000,0.349100,0.349100,0.090915,0.000000,0.000000,0.087300,0.457900,0.004900,-0.453000
0.000000,0.075000,0.114202,0.000000,0.000000,0.000000,1.000000,0.000000,-0.087300,-0.457900,-0.004900,0.453000,0.349100,0.349100,0.093107,0.000000,0.000000,0.087300,0.457900,0.004900,-0.453000
0.000000,0.075000,0.113745,0.000000,0.000000,0.000000,1.000000,0.000000,-0.087300,-0.457900,-0.004900,0.453000,0.349100,0.349100,0.095223,0.000000,0.000000,0.087300,0.457900,0.004900,-0.453000
0.000000,0.075000,0.113224,0.000000,0.000000,0.000000,1.000000,0.000000,-0.087300,-0.457900,-0.004900,0.453000,0.349100,0.349100,0.097263,0.000000,0.000000,0.087300,0.457900,0.004900,-0.453000
0.000000,0.075000,0.112665,0.000000,0.000000,0.000000,1.000000,0.000000,-0.087300,-0.457900,-0.004900,0.453000,0.349100,0.349100,0.099223,0.000000,0.000000,0.087300,0.457900,0.004900,-0.453000
0.000000,0.075000,0.112098,0.000000,0.000000,0.000000,1.000000,0.000000,-0.087300,-0.457900,-0.004900,0.453000,0.349100,0.349100,0.101103,0.000000,0.000000,0.087300,0.457900,0.004900,-0.453000
0.000000,0.075000,0.111551,0.000000,0.000000,0.000000,1.000000,0.000000,-0.087300,-0.457900,-0.004900,0.453000,0.349100,0.349100,0.102902,0.000000,0.000000,0.087300,0.457900,0.004900,-0.453000
0.000000,0.075000,0.111054,0.000000,0.000000,0.000000,1.000000,0.000000,-0.087300,-0.457900,-0.004900,0.453000,0.349100,0.349100,0.104617,0.000000,0.000000,0.087300,0.457900,0.004900,-0.453000
0.000000,0.075000,0.110631,0.000000,0.000000,0.000000,1.000000,0.000000,-0.087300,-0.457900,-0.004900,0.453000,0.349100,0.349100,0.106247,0.000000,0.000000,0.087300,0.457900,0.004900,-0.453000
0.000000,0.075000,0.110304,0.000000,0.000000,0.000000,1.000000,0.000000,-0.087300,-0.457900,-0.004900,0.453000,0.349100,0.349100,0.107791,0.000000,0.000000,0.087300,0.457900,0.004900,-0.453000
0.000000,0.075000,0.110091,0.000000,0.000000,0.000000,1.000000,0.000000,-0.087300,-0.457900,-0.004900,0.453000,0.349100,0.349100,0.109248,0.000000,0.000000,0.087300,0.457900,0.004900,-0.453000
0.000000,0.075000,0.110002,0.000000,0.000000,0.000000,1.000000,0.000000,-0.087300,-0.457900,-0.004900,0.453000,0.349100,0.349100,0.110616,0.000000,0.000000,0.087300,0.457900,0.004900,-0.453000
0.000000,0.075000,0.110042,0.000000,0.000000,0.000000,1.000000,0.000000,-0.087300,-0.457900,-0.004900,0.453000,0.349100,0.349100,0.111895,0.000000,0.000000,0.087300,0.457900,0.004900,-0.453000
0.000000,0.075000,0.110209,0.000000,0.000000,0.000000,1.000000,0.000000,-0.087300,-0.457900,-0.004900,0.453000,0.349100,0.349100,0.113083,0.000000,0.000000,0.087300,0.457900,0.004900,-0.453000
0.000000,0.075000,0.110495,0.000000,0.000000,0.000000,1.000000,0.000000,-0.087300,-0.457900,-0.004900,0.453000,0.349100,0.349100,0.114180,0.000000,0.000000,0.087300,0.457900,0.004900,-0.453000
0.000000,0.075000,0.110883,0.000000,0.000000,0.000000,1.000000,0.000000,-0.087300,-0.457900,-0.004900,0.453000,0.349100,0.349100,0.115184,0.000000,0.000000,0.087300,0.457900,0.004900,-0.453000
0.000000,0.075000,0.111355,0.000000,0.000000,0.000000,1.000000,0.000000,-0.087300,-0.457900,-0.004900,0.453000,0.349100,0.349100,0.116095,0.000000,0.000000,0.087300,0.457900,0.004900,-0.453000
0.000000,0.075000,0.111886,0.000000,0.000000,0.000000,1.000000,0.000000,-0.087300,-0.457900,-0.004900,0.453000,0.349100,0.349100,0.116912,0.000000,0.000000,0.087300,0.457900,0.004900,-0.453000
0.000000,0.075000,0.112449,0.000000,0.000000,0.000000,1.000000,0.000000,-0.087300,-0.457900,-0.004900,0.453000,0.349100,0.349100,0.117634,0.000000,0.000000,0.087300,0.457900,0.004900,-0.453000
0.000000,0.075000,0.113015,0.000000,0.000000,0.000000,1.000000,0.000000,-0.087300,-0.457900,-0.004900,0.453000,0.349100,0.349100,0.118261,0.000000,0.000000,0.087300,0.457900,0.004900,-0.453000
0.000000,0.075000,0.113554,0.000000,0.000000,0.000000,1.000000,0.000000,-0.087300,-0.457900,-0.004900,0.453000,0.349100,0.349100,0.118793,0.000000,0.000000,0.087300,0.457900,0.004900,-0.453000
0.000000,0.075000,0.114038,0.000000,0.000000,0.000000,1.000000,0.000000,-0.087300,-0.457900,-0.004900,0.453000,0.349100,0.349100,0.119228,0.000000,0.000000,0.087300,0.457900,0.004900,-0.453000
0.000000,0.075000,0.114443,0.000000,0.000000,0.000000,1.000000,0.000000,-0.087300,-0.457900,-0.004900,0.453000,0.349100,0.349100,0.119566,0.000000,0.000000,0.087300,0.457900,0.004900,-0.453000
0.000000,0.075000,0.114748,0.000000,0.000000,0.000000,1.000000,0.000000,-0.087300,-0.457900,-0.004900,0.453000,0.349100,0.349100,0.119808,0.000000,0.000000,0.087300,0.457900,0.004900,-0.453000
0.000000,0.075000,0.114937,0.000000,0.000000,0.000000,1.000000,0.000000,-0.087300,-0.457900,-0.004900,0.453000,0.349100,0.349100,0.119952,0.000000,0.000000,0.087300,0.457900,0.004900,-0.453000
0.000000,0.075000,0.115000,0.000000,0.000000,0.000000,1.000000,0.000000,-0.087300,-0.457900,-0.004900,0.453000,0.349100,0.349100,0.120000,0.000000,0.000000,0.087300,0.457900,0.004900,-0.453000
0.000000,0.074925,0.114934,0.000000,0.000000,0.000000,1.000000,0.000000,-0.087300,-0.457900,-0.004900,0.453000,0.349100,0.349100,0.119950,0.000000,0.000000,0.087300,0.457900,0.004900,-0.453000
0.000000,0.074709,0.114743,0.000000,0.000000,0.000000,1.000000,0.000000,-0.087300,-0.457900,-0.004900,0.453000,0.349100,0.349100,0.119804,0.000000,0.000000,0.087300,0.457900,0.004900,-0.453000
0.000000,0.074355,0.114435,0.000000,0.000000,0.000000,1.000000,0.000000,-0.087300,-0.457900,-0.004900,0.453000,0.349100,0.349100,0.119560,0.000000,0.000000,0.087300,0.457900,0.004900,-0.453000
0.000000,0.073869,0.114028,0.000000,0.000000,0.000000,1.000000,0.000000,-0.087300,-0.457900,-0.004900,0.453000,0.349100,0.349100,0.119219,0.000000,0.000000,0.087300,0.457900,0.004900,-0.453000
0.000000,0.073258,0.113542,0.000000,0.000000,0.000000,1.000000,0.000000,-0.087300,-0.457900,-0.004900,0.453000,0.349100,0.349100,0.118782,0.000000,0.000000,0.087300,0.457900,0.004900,-0.453000
0.000000,0.072525,0.113002,0.000000,0.000000,0.000000,1.000000,0.000000,-0.087300,-0.457900,-0.004900,0.453000,0.349100,0.349100,0.118249,0.000000,0.000000,0.087300,0.457900,0.004900,-0.453000
0.000000,0.071677,0.112437,0.000000,0.000000,0.000000,1.000000,0.000000,-0.087300,-0.457900,-0.004900,0.453000,0.349100,0.349100,0.117619,0.000000,0.000000,0.087300,0.457900,0.004900,-0.453000
0.000000,0.070719,0.111874,0.000000,0.000000,0.000000,1.000000,0.000000,-0.087300,-0.457900,-0.004900,0.453000,0.349100,0.349100,0.116895,0.000000,0.000000,0.087300,0.457900,0.004900,-0.453000
0.000000,0.069656,0.111344,0.000000,0.000000,0.000000,1.000000,0.000000,-0.087300,-0.457900,-0.004900,0.453000,0.349100,0.349100,0.116076,0.000000,0.000000,0.087300,0.457900,0.004900,-0.453000
0.000000,0.068494,0.110874,0.000000,0.000000,0.000000,1.000000,0.000000,-0.087300,-0.457900,-0.004900,0.453000,0.349100,0.349100,0.115163,0.000000,0.000000,0.087300,0.457900,0.004900,-0.453000
0.000000,0.067237,0.110487,0.000000,0.000000,0.000000,1.000000,0.000000,-0.087300,-0.457900,-0.004900,0.453000,0.349100,0.349100,0.114157,0.000000,0.000000,0.087300,0.457900,0.004900,-0.453000
0.000000,0.065892,0.110204,0.000000,0.000000,0.000000,1.000000,0.000000,-0.087300,-0.457900,-0.004900,0.453000,0.349100,0.349100,0.113058,0.000000,0.000000,0.087300,0.457900,0.004900,-0.453000
0.000000,0.064463,0.110040,0.000000,0.000000,0.000000,1.000000,0.000000,-0.087300,-0.457900,-0.004900,0.453000,0.349100,0.349100,0.111868,0.000000,0.000000,0.087300,0.457900,0.004900,-0.453000
0.000000,0.062956,0.110003,0.000000,0.000000,0.000000,1.000000,0.000000,-0.087300,-0.457900,-0.004900,0.453000,0.349100,0.349100,0.110587,0.000000,0.000000,0.087300,0.457900,0.004900,-0.453000
0.000000,0.061377,0.110095,0.000000,0.000000,0.000000,1.000000,0.000000,-0.087300,-0.457900,-0.004900,0.453000,0.349100,0.349100,0.109217,0.000000,0.000000,0.087300,0.457900,0.004900,-0.453000
0.000000,0.059730,0.110310,0.000000,0.000000,0.000000,1.000000,0.000000,-0.087300,-0.457900,-0.004900,0.453000,0.349100,0.349100,0.107758,0.000000,0.000000,0.087300,0.457900,0.004900,-0.453000
0.000000,0.058021,0.110639,0.000000,0.000000,0.000000,1.000000,0.000000,-0.087300,-0.457900,-0.004900,0.453000,0.349100,0.349100,0.106212,0.000000,0.000000,0.087300,0.457900,0.004900,-0.453000
0.000000,0.056255,0.111064,0.000000,0.000000,0.000000,1.000000,0.000000,-0.087300,-0.457900,-0.004900,0.453000,0.349100,0.349100,0.104580,0.000000,0.000000,0.087300,0.457900,0.004900,-0.453000
0.000000,0.054438,0.111563,0.000000,0.000000,0.000000,1.000000,0.000000,-0.087300,-0.457900,-0.004900,0.453000,0.349100,0.349100,0.102863,0.000000,0.000000,0.087300,0.457900,0.004900,-0.453000
0.000000,0.052575,0.112110,0.000000,0.000000,0.000000,1.000000,0.000000,-0.087300,-0.457900,-0.004900,0.453000,0.349100,0.349100,0.101063,0.000000,0.000000,0.087300,0.457900,0.004900,-0.453000
0.000000,0.050672,0.112677,0.000000,0.000000,0.000000,1.000000,0.000000,-0.087300,-0.457900,-0.004900,0.453000,0.349100,0.349100,0.099181,0.000000,0.000000,0.087300,0.457900,0.004900,-0.453000
0.000000,0.048733,0.113236,0.000000,0.000000,0.000000,1.000000,0.000000,-0.087300,-0.457900,-0.004900,0.453000,0.349100,0.349100,0.097219,0.000000,0.000000,0.087300,0.457900,0.004900,-0.453000
0.000000,0.046764,0.113756,0.000000,0.000000,0.000000,1.000000,0.000000,-0.087300,-0.457900,-0.004900,0.453000,0.349100,0.349100,0.095178,0.000000,0.000000,0.087300,0.457900,0.004900,-0.453000
0.000000,0.044771,0.114211,0.000000,0.000000,0.000000,1.000000,0.000000,-0.087300,-0.457900,-0.004900,0.453000,0.349100,0.349100,0.093059,0.000000,0.000000,0.087300,0.457900,0.004900,-0.453000
0.000000,0.042759,0.114579,0.000000,0.000000,0.000000,1.000000,0.000000,-0.087300,-0.457900,-0.004900,0.453000,0.349100,0.349100,0.090866,0.000000,0.000000,0.087300,0.457900,0.004900,-0.453000
0.000000,0.040733,0.114838,0.000000,0.000000,0.000000,1.000000,0.000000,-0.087300,-0.457900,-0.004900,0.453000,0.349100,0.349100,0.088599,0.000000,0.000000,0.087300,0.457900,0.004900,-0.453000
0.000000,0.038698,0.114978,0.000000,0.000000,0.000000,1.000000,0.000000,-0.087300,-0.457900,-0.004900,0.453000,0.349100,0.349100,0.086260,0.000000,0.000000,0.087300,0.457900,0.004900,-0.453000
0.000000,0.036660,0.114989,0.000000,0.000000,0.000000,1.000000,0.000000,-0.087300,-0.457900,-0.004900,0.453000,0.349100,0.349100,0.083852,0.000000,0.000000,0.087300,0.457900,0.004900,-0.453000
0.000000,0.034624,0.114872,0.000000,0.000000,0.000000,1.000000,0.000000,-0.087300,-0.457900,-0.004900,0.453000,0.349100,0.349100,0.081375,0.000000,0.000000,0.087300,0.457900,0.004900,-0.453000
0.000000,0.032596,0.114632,0.000000,0.000000,0.000000,1.000000,0.000000,-0.087300,-0.457900,-0.004900,0.453000,0.349100,0.349100,0.078833,0.000000,0.000000,0.087300,0.457900,0.004900,-0.453000
0.000000,0.030581,0.114283,0.000000,0.000000,0.000000,1.000000,0.000000,-0.087300,-0.457900,-0.004900,0.453000,0.349100,0.349100,0.076227,0.000000,0.000000,0.087300,0.457900,0.004900,-0.453000
0.000000,0.028584,0.113841,0.000000,0.000000,0.000000,1.000000,0.000000,-0.087300,-0.457900,-0.004900,0.453000,0.349100,0.349100,0.073559,0.000000,0.000000,0.087300,0.457900,0.004900,-0.453000
0.000000,0.026611,0.113331,0.000000,0.000000,0.000000,1.000000,0.000000,-0.087300,-0.457900,-0.004900,0.453000,0.349100,0.349100,0.070831,0.000000,0.000000,0.087300,0.457900,0.004900,-0.453000
0.000000,0.024666,0.112777,0.000000,0.000000,0.000000,1.000000,0.000000,-0.087300,-0.457900,-0.004900,0.453000,0.349100,0.349100,0.068046,0.000000,0.000000,0.087300,0.457900,0.004900,-0.453000
0.000000,0.022756,0.112209,0.000000,0.000000,0.000000,1.000000,0.000000,-0.087300,-0.457900,-0.004900,0.453000,0.349100,0.349100,0.065206,0.000000,0.000000,0.087300,0.457900,0.004900,-0.453000
0.000000,0.020886,0.111656,0.000000,0.000000,0.000000,1.000000,0.000000,-0.087300,-0.457900,-0.004900,0.453000,0.349100,0.349100,0.062314,0.000000,0.000000,0.087300,0.457900,0.004900,-0.453000
0.000000,0.019061,0.111147,0.000000,0.000000,0.000000,1.000000,0.000000,-0.087300,-0.457900,-0.004900,0.453000,0.349100,0.349100,0.059370,0.000000,0.000000,0.087300,0.457900,0.004900,-0.453000
0.000000,0.017286,0.110707,0.000000,0.000000,0.000000,1.000000,0.000000,-0.087300,-0.457900,-0.004900,0.453000,0.349100,0.349100,0.056379,0.000000,0.000000,0.087300,0.457900,0.004900,-0.453000
0.000000,0.015566,0.110360,0.000000,0.000000,0.000000,1.000000,0.000000,-0.087300,-0.457900,-0.004900,0.453000,0.349100,0.349100,0.053342,0.000000,0.000000,0.087300,0.457900,0.004900,-0.453000
0.000000,0.013908,0.110124,0.000000,0.000000,0.000000,1.000000,0.000000,-0.087300,-0.457900,-0.004900,0.453000,0.349100,0.349100,0.050262,0.000000,0.000000,0.087300,0.457900,0.004900,-0.453000
0.000000,0.012316,0.110010,0.000000,0.000000,0.000000,1.000000,0.000000,-0.087300,-0.457900,-0.004900,0.453000,0.349100,0.349100,0.047141,0.000000,0.000000,0.087300,0.457900,0.004900,-0.453000
0.000000,0.010796,0.110024,0.000000,0.000000,0.000000,1.000000,0.000000,-0.087300,-0.457900,-0.004900,0.453000,0.349100,0.349100,0.043982,0.000000,0.000000,0.087300,0.457900,0.004900,-0.453000
0.000000,0.009353,0.110167,0.000000,0.000000,0.000000,1.000000,0.000000,-0.087300,-0.457900,-0.004900,0.453000,0.349100,0.349100,0.040787,0.000000,0.000000,0.087300,0.457900,0.004900,-0.453000
0.000000,0.007993,0.110429,0.000000,0.000000,0.000000,1.000000,0.000000,-0.087300,-0.457900,-0.004900,0.453000,0.349100,0.349100,0.037560,0.000000,0.000000,0.087300,0.457900,0.004900,-0.453000
0.000000,0.006720,0.110799,0.000000,0.000000,0.000000,1.000000,0.000000,-0.087300,-0.457900,-0.004900,0.453000,0.349100,0.349100,0.034302,0.000000,0.000000,0.087300,0.457900,0.004900,-0.453000
0.000000,0.005541,0.111256,0.000000,0.000000,0.000000,1.000000,0.000000,-0.087300,-0.457900,-0.004900,0.453000,0.349100,0.349100,0.031016,0.000000,0.000000,0.087300,0.457900,0.004900,-0.453000
0.000000,0.004460,0.111778,0.000000,0.000000,0.000000,1.000000,0.000000,-0.087300,-0.457900,-0.004900,0.453000,0.349100,0.349100,0.027705,0.000000,0.000000,0.087300,0.457900,0.004900,-0.453000
0.000000,0.003483,0.112337,0.000000,0.000000,0.000000,1.000000,0.000000,-0.087300,-0.457900,-0.004900,0.453000,0.349100,0.349100,0.024371,0.000000,0.000000,0.087300,0.457900,0.004900,-0.453000
0.000000,0.002615,0.112904,0.000000,0.000000,0.000000,1.000000,0.000000,-0.087300,-0.457900,-0.004900,0.453000,0.349100,0.349100,0.021018,0.000000,0.000000,0.087300,0.457900,0.004900,-0.453000
0.000000,0.001862,0.113450,0.000000,0.000000,0.000000,1.000000,0.000000,-0.087300,-0.457900,-0.004900,0.453000,0.349100,0.349100,0.017648,0.000000,0.000000,0.087300,0.457900,0.004900,-0.453000
0.000000,0.001229,0.113948,0.000000,0.000000,0.000000,1.000000,0.000000,-0.087300,-0.457900,-0.004900,0.453000,0.349100,0.349100,0.014264,0.000000,0.000000,0.087300,0.457900,0.004900,-0.453000
0.000000,0.000721,0.114370,0.000000,0.000000,0.000000,1.000000,0.000000,-0.087300,-0.457900,-0.004900,0.453000,0.349100,0.349100,0.010868,0.000000,0.000000,0.087300,0.457900,0.004900,-0.453000
0.000000,0.000344,0.114697,0.000000,0.000000,0.000000,1.000000,0.000000,-0.087300,-0.457900,-0.004900,0.453000,0.349100,0.349100,0.007463,0.000000,0.000000,0.087300,0.457900,0.004900,-0.453000
0.000000,0.000103,0.114909,0.000000,0.000000,0.000000,1.000000,0.000000,-0.087300,-0.457900,-0.004900,0.453000,0.349100,0.349100,0.004052,0.000000,0.000000,0.087300,0.457900,0.004900,-0.453000
0.000000,0.000003,0.114998,0.000000,0.000000,0.000000,1.000000,0.000000,-0.087300,-0.457900,-0.004900,0.453000,0.349100,0.349100,0.000638,0.000000,0.000000,0.087300,0.457900,0.004900,-0.453000
0.000000,0.000000,0.114966,0.000000,0.000000,0.000000,1.000000,0.000000,-0.087161,-0.457900,-0.004900,0.453000,0.349100,0.349100,0.002777,0.000000,0.000000,0.087161,0.457900,0.004900,-0.453000
0.000000,0.000000,0.114831,0.000000,0.000000,0.000000,1.000000,0.000000,-0.086608,-0.457900,-0.004900,0.453000,0.349100,0.349100,0.006189,0.000000,0.000000,0.086608,0.457900,0.004900,-0.453000
0.000000,0.000000,0.114604,0.000000,0.000000,0.000000,1.000000,0.000000,-0.085637,-0.457900,-0.004900,0.453000,0.349100,0.349100,0.009597,0.000000,0.000000,0.085637,0.457900,0.004900,-0.453000
0.000000,0.000000,0.114299,0.000000,0.000000,0.000000,1.000000,0.000000,-0.084250,-0.457900,-0.004900,0.453000,0.349100,0.349100,0.012996,0.000000,0.000000,0.084250,0.457900,0.004900,-0.453000
0.000000,0.000000,0.113934,0.000000,0.000000,0.000000,1.000000,0.000000,-0.082452,-0.457900,-0.004900,0.453000,0.349100,0.349100,0.016385,0.000000,0.000000,0.082452,0.457900,0.004900,-0.453000
0.000000,0.000000,0.113535,0.000000,0.000000,0.000000,1.000000,0.000000,-0.080249,-0.457900,-0.004900,0.453000,0.349100,0.349100,0.019761,0.000000,0.000000,0.080249,0.457900,0.004900,-0.453000
0.000000,0.000000,0.113128,0.000000,0.000000,0.000000,1.000000,0.000000,-0.077648,-0.457900,-0.004900,0.453000,0.349100,0.349100,0.023121,0.000000,0.000000,0.077648,0.457900,0.004900,-0.453000
0.000000,0.000000,0.112742,0.000000,0.000000,0.000000,1.000000,0.000000,-0.074657,-0.457900,-0.004900,0.453000,0.349100,0.349100,0.026462,0.000000,0.000000,0.074657,0.457900,0.004900,-0.453000
0.000000,0.000000,0.112406,0.000000,0.000000,0.000000,1.000000,0.000000,-0.071285,-0.457900,-0.004900,0.453000,0.349100,0.349100,0.029782,0.000000,0.000000,0.071285,0.457900,0.004900,-0.453000
0.000000,0.000000,0.112146,0.000000,0.000000,0.000000,1.000000,0.000000,-0.067545,-0.457900,-0.004900,0.453000,0.349100,0.349100,0.033077,0.000000,0.000000,0.067545,0.457900,0.004900,-0.453000
0.000000,0.000000,0.111987,0.000000,0.000000,0.000000,1.000000,0.000000,-0.063448,-0.457900,-0.004900,0.453000,0.349100,0.349100,0.036346,0.000000,0.000000,0.063448,0.457900,0.004900,-0.453000
0.000000,0.000000,0.111949,0.000000,0.000000,0.000000,1.000000,0.000000,-0.059007,-0.457900,-0.004900,0.453000,0.349100,0.349100,0.039586,0.000000,0.000000,0.059007,0.457900,0.004900,-0.453000
0.000000,0.000000,0.112047,0.000000,0.000000,0.000000,1.000000,0.000000,-0.054236,-0.457900,-0.004900,0.453000,0.349100,0.349100,0.042793,0.000000,0.000000,0.054236,0.457900,0.004900,-0.453000
0.000000,0.000000,0.112289,0.000000,0.000000,0.000000,1.000000,0.000000,-0.049152,-0.457900,-0.004900,0.453000,0.349100,0.349100,0.045966,0.000000,0.000000,0.049152,0.457900,0.004900,-0.453000
0.000000,0.000000,0.112678,0.000000,0.000000,0.000000,1.000000,0.000000,-0.043770,-0.457900,-0.004900,0.453000,0.349100,0.349100,0.049101,0.000000,0.000000,0.043770,0.457900,0.004900,-0.453000
0.000000,0.000000,0.113210,0.000000,0.000000,0.000000,1.000000,0.000000,-0.038108,-0.457900,-0.004900,0.453000,0.349100,0.349100,0.052197,0.000000,0.000000,0.038108,0.457900,0.004900,-0.453000
0.000000,0.000000,0.113873,0.000000,0.000000,0.000000,1.000000,0.000000,-0.032184,-0.457900,-0.004900,0.453000,0.349100,0.349100,0.055250,0.000000,0.000000,0.032184,0.457900,0.004900,-0.453000
0.000000,0.000000,0.114650,0.000000,0.000000,0.000000,1.000000,0.000000,-0.026018,-0.457900,-0.004900,0.453000,0.349100,0.349100,0.058259,0.000000,0.000000,0.026018,0.457900,0.004900,-0.453000
0.000000,0.000000,0.115520,0.000000,0.000000,0.000000,1.000000,0.000000,-0.019630,-0.457900,-0.004900,0.453000,0.349100,0.349100,0.061220,0.000000,0.000000,0.019630,0.457900,0.004900,-0.453000
0.000000,0.000000,0.116455,0.000000,0.000000,0.000000,1.000000,0.000000,-0.013039,-0.457900,-0.004900,0.453000,0.349100,0.349100,0.064132,0.000000,0.000000,0.013039,0.457900,0.004900,-0.453000
0.000000,0.000000,0.117427,0.000000,0.000000,0.000000,1.000000,0.000000,-0.006268,-0.457900,-0.004900,0.453000,0.349100,0.349100,0.066992,0.000000,0.000000,0.006268,0.457900,0.004900,-0.453000
0.000000,0.000000,0.118405,0.000000,0.000000,0.000000,1.000000,0.000000,0.000662,-0.457900,-0.004900,0.453000,0.349100,0.349100,0.069798,0.000000,0.000000,-0.000662,0.457900,0.004900,-0.453000
0.000000,0.000000,0.119359,0.000000,0.000000,0.000000,1.000000,0.000000,0.007727,-0.457900,-0.004900,0.453000,0.349100,0.349100,0.072547,0.000000,0.000000,-0.007727,0.457900,0.004900,-0.453000
0.000000,0.000000,0.120260,0.000000,0.000000,0.000000,1.000000,0.000000,0.014906,-0.457900,-0.004900,0.453000,0.349100,0.349100,0.075237,0.000000,0.000000,-0.014906,0.457900,0.004900,-0.453000
0.000000,0.000000,0.121082,0.000000,0.000000,0.000000,1.000000,0.000000,0.022175,-0.457900,-0.004900,0.453000,0.349100,0.349100,0.077867,0.000000,0.000000,-0.022175,0.457900,0.004900,-0.453000
0.000000,0.000000,0.121805,0.000000,0.000000,0.000000,1.000000,0.000000,0.029511,-0.457900,-0.004900,0.453000,0.349100,0.349100,0.080433,0.000000,0.000000,-0.029511,0.457900,0.004900,-0.453000
0.000000,0.000000,0.122411,0.000000,0.000000,0.000000,1.000000,0.000000,0.036889,-0.457900,-0.004900,0.453000,0.349100,0.349100,0.082935,0.000000,0.000000,-0.036889,0.457900,0.004900,-0.453000
0.000000,0.000000,0.122892,0.000000,0.000000,0.000000,1.000000,0.000000,0.044286,-0.457900,-0.004900,0.453000,0.349100,0.349100,0.085369,0.000000,0.000000,-0.044286,0.457900,0.004900,-0.453000
0.000000,0.000000,0.123244,0.000000,0.000000,0.000000,1.000000,0.000000,0.051678,-0.457900,-0.004900,0.453000,0.349100,0.349100,0.087734,0.000000,0.000000,-0.051678,0.457900,0.004900,-0.453000
0.000000,0.000000,0.123469,0.000000,0.000000,0.000000,1.000000,0.000000,0.059041,-0.457900,-0.004900,0.453000,0.349100,0.349100,0.090028,0.000000,0.000000,-0.059041,0.457900,0.004900,-0.453000
0.000000,0.000000,0.123579,0.000000,0.000000,0.000000,1.000000,0.000000,0.066350,-0.457900,-0.004900,0.453000,0.349100,0.349100,0.092249,0.000000,0.000000,-0.066350,0.457900,0.004900,-0.453000
0.000000,0.000000,0.123588,0.000000,0.000000,0.000000,1.000000,0.000000,0.073584,-0.457900,-0.004900,0.453000,0.349100,0.349100,0.094395,0.000000,0.000000,-0.073584,0.457900,0.004900,-0.453000
0.000000,0.000000,0.123517,0.000000,0.000000,0.000000,1.000000,0.000000,0.080717,-0.457900,-0.004900,0.453000,0.349100,0.349100,0.096465,0.000000,0.000000,-0.080717,0.457900,0.004900,-0.453000
0.000000,0.000000,0.123390,0.000000,0.000000,0.000000,1.000000,0.000000,0.087727,-0.457900,-0.004900,0.453000,0.349100,0.349100,0.098457,0.000000,0.000000,-0.087727,0.457900,0.004900,-0.453000
0.000000,0.000000,0.123235,0.000000,0.000000,0.000000,1.000000,0.000000,0.094591,-0.457900,-0.004900,0.453000,0.349100,0.349100,0.100369,0.000000,0.000000,-0.094591,0.457900,0.004900,-0.453000
0.000000,0.000000,0.123078,0.000000,0.000000,0.000000,1.000000,0.000000,0.101288,-0.457900,-0.004900,0.453000,0.349100,0.349100,0.102200,0.000000,0.000000,-0.101288,0.457900,0.004900,-0.453000
0.000000,0.000000,0.122948,0.000000,0.000000,0.000000,1.000000,0.000000,0.107794,-0.457900,-0.004900,0.453000,0.349100,0.349100,0.103948,0.000000,0.000000,-0.107794,0.457900,0.004900,-0.453000
0.000000,0.000000,0.122871,0.000000,0.000000,0.000000,1.000000,0.000000,0.114090,-0.457900,-0.004900,0.453000,0.349100,0.349100,0.105612,0.000000,0.000000,-0.114090,0.457900,0.004900,-0.453000
0.000000,0.000000,0.122868,0.000000,0.000000,0.000000,1.000000,0.000000,0.120155,-0.457900,-0.004900,0.453000,0.349100,0.349100,0.107190,0.000000,0.000000,-0.120155,0.457900,0.004900,-0.453000
0.000000,0.000000,0.122957,0.000000,0.000000,0.000000,1.000000,0.000000,0.125968,-0.457900,-0.004900,0.453000,0.349100,0.349100,0.108682,0.000000,0.000000,-0.125968,0.457900,0.004900,-0.453000
0.000000,0.000000,0.123151,0.000000,0.000000,0.000000,1.000000,0.000000,0.131512,-0.457900,-0.004900,0.453000,0.349100,0.349100,0.110086,0.000000,0.000000,-0.131512,0.457900,0.004900,-0.453000
0.000000,0.000000,0.123455,0.000000,0.000000,0.000000,1.000000,0.000000,0.136769,-0.457900,-0.004900,0.453000,0.349100,0.349100,0.111400,0.000000,0.000000,-0.136769,0.457900,0.004900,-0.453000
0.000000,0.000000,0.123870,0.000000,0.000000,0.000000,1.000000,0.000000,0.141721,-0.457900,-0.004900,0.453000,0.349100,0.349100,0.112624,0.000000,0.000000,-0.141721,0.457900,0.004900,-0.453000
0.000000,0.000000,0.124388,0.000000,0.000000,0.000000,1.000000,0.000000,0.146352,-0.457900,-0.004900,0.453000,0.349100,0.349100,0.113757,0.000000,0.000000,-0.146352,0.457900,0.004900,-0.453000
0.000000,0.000000,0.124995,0.000000,0.000000,0.000000,1.000000,0.000000,0.150647,-0.457900,-0.004900,0.453000,0.349100,0.349100,0.114798,0.000000,0.000000,-0.150647,0.457900,0.004900,-0.453000
0.000000,0.000000,0.125674,0.000000,0.000000,0.000000,1.000000,0.000000,0.154593,-0.457900,-0.004900,0.453000,0.349100,0.349100,0.115746,0.000000,0.000000,-0.154593,0.457900,0.004900,-0.453000
0.000000,0.000000,0.126400,0.000000,0.000000,0.000000,1.000000,0.000000,0.158177,-0.457900,-0.004900,0.453000,0.349100,0.349100,0.116600,0.000000,0.000000,-0.158177,0.457900,0.004900,-0.453000
0.000000,0.000000,0.127146,0.000000,0.000000,0.000000,1.000000,0.000000,0.161386,-0.457900,-0.004900,0.453000,0.349100,0.349100,0.117360,0.000000,0.000000,-0.161386,0.457900,0.004900,-0.453000
0.000000,0.000000,0.127883,0.000000,0.000000,0.000000,1.000000,0.000000,0.164211,-0.457900,-0.004900,0.453000,0.349100,0.349100,0.118025,0.000000,0.000000,-0.164211,0.457900,0.004900,-0.453000
0.000000,0.000000,0.128582,0.000000,0.000000,0.000000,1.000000,0.000000,0.166643,-0.457900,-0.004900,0.453000,0.349100,0.349100,0.118594,0.000000,0.000000,-0.166643,0.457900,0.004900,-0.453000
0.000000,0.000000,0.129213,0.000000,0.000000,0.000000,1.000000,0.000000,0.168673,-0.457900,-0.004900,0.453000,0.349100,0.349100,0.119067,0.000000,0.000000,-0.168673,0.457900,0.004900,-0.453000
0.000000,0.000000,0.129750,0.000000,0.000000,0.000000,1.000000,0.000000,0.170295,-0.457900,-0.004900,0.453000,0.349100,0.349100,0.119444,0.000000,0.000000,-0.170295,0.457900,0.004900,-0.453000
0.000000,0.000000,0.130169,0.000000,0.000000,0.000000,1.000000,0.000000,0.171505,-0.457900,-0.004900,0.453000,0.349100,0.349100,0.119724,0.000000,0.000000,-0.171505,0.457900,0.004900,-0.453000
0.000000,0.000000,0.130453,0.000000,0.000000,0.000000,1.000000,0.000000,0.172297,-0.457900,-0.004900,0.453000,0.349100,0.349100,0.119907,0.000000,0.000000,-0.172297,0.457900,0.004900,-0.453000
0.000000,0.000000,0.130589,0.000000,0.000000,0.000000,1.000000,0.000000,0.172669,-0.457900,-0.004900,0.453000,0.349100,0.349100,0.119993,0.000000,0.000000,-0.172669,0.457900,0.004900,-0.453000
0.000000,0.000000,0.130571,0.000000,0.000000,0.000000,1.000000,0.000000,0.172620,-0.457900,-0.004900,0.453000,0.349100,0.349100,0.119982,0.000000,0.000000,-0.172620,0.457900,0.004900,-0.453000
0.000000,0.000000,0.130400,0.000000,0.000000,0.000000,1.000000,0.000000,0.172151,-0.457900,-0.004900,0.453000,0.349100,0.349100,0.119873,0.000000,0.000000,-0.172151,0.457900,0.004900,-0.453000
0.000000,0.000000,0.130083,0.000000,0.000000,0.000000,1.000000,0.000000,0.171262,-0.457900,-0.004900,0.453000,0.349100,0.349100,0.119668,0.000000,0.000000,-0.171262,0.457900,0.004900,-0.453000
0.000000,0.000000,0.129635,0.000000,0.000000,0.000000,1.000000,0.000000,0.169957,-0.457900,-0.004900,0.453000,0.349100,0.349100,0.119365,0.000000,0.000000,-0.169957,0.457900,0.004900,-0.453000
0.000000,0.000000,0.129075,0.000000,0.000000,0.000000,1.000000,0.000000,0.168240,-0.457900,-0.004900,0.453000,0.349100,0.349100,0.118966,0.000000,0.000000,-0.168240,0.457900,0.004900,-0.453000
0.000000,0.000000,0.128426,0.000000,0.000000,0.000000,1.000000,0.000000,0.166117,-0.457900,-0.004900,0.453000,0.349100,0.349100,0.118471,0.000000,0.000000,-0.166117,0.457900,0.004900,-0.453000
0.000000,0.000000,0.127715,0.000000,0.000000,0.000000,1.000000,0.000000,0.163593,-0.457900,-0.004900,0.453000,0.349100,0.349100,0.117880,0.000000,0.000000,-0.163593,0.457900,0.004900,-0.453000
0.000000,0.000000,0.126973,0.000000,0.000000,0.000000,1.000000,0.000000,0.160679,-0.457900,-0.004900,0.453000,0.349100,0.349100,0.117193,0.000000,0.000000,-0.160679,0.457900,0.004900,-0.453000
0.000000,0.000000,0.126229,0.000000,0.000000,0.000000,1.000000,0.000000,0.157382,-0.457900,-0.004900,0.453000,0.349100,0.349100,0.116411,0.000000,0.000000,-0.157382,0.457900,0.004900,-0.453000
0.000000,0.000000,0.125512,0.000000,0.000000,0.000000,1.000000,0.000000,0.153714,-0.457900,-0.004900,0.453000,0.349100,0.349100,0.115535,0.000000,0.000000,-0.153714,0.457900,0.004900,-0.453000
0.000000,0.000000,0.124848,0.000000,0.000000,0.000000,1.000000,0.000000,0.149686,-0.457900,-0.004900,0.453000,0.349100,0.349100,0.114566,0.000000,0.000000,-0.149686,0.457900,0.004900,-0.453000
0.000000,0.000000,0.124259,0.000000,0.000000,0.000000,1.000000,0.000000,0.145312,-0.457900,-0.004900,0.453000,0.349100,0.349100,0.113504,0.000000,0.000000,-0.145312,0.457900,0.004900,-0.453000
0.000000,0.000000,0.123765,0.000000,0.000000,0.000000,1.000000,0.000000,0.140605,-0.457900,-0.004900,0.453000,0.349100,0.349100,0.112350,0.000000,0.000000,-0.140605,0.457900,0.004900,-0.453000
0.000000,0.000000,0.123375,0.000000,0.000000,0.000000,1.000000,0.000000,0.135581,-0.457900,-0.004900,0.453000,0.349100,0.349100,0.111104,0.000000,0.000000,-0.135581,0.457900,0.004900,-0.453000
0.000000,0.000000,0.123096,0.000000,0.000000,0.000000,1.000000,0.000000,0.130257,-0.457900,-0.004900,0.453000,0.349100,0.349100,0.109769,0.000000,0.000000,-0.130257,0.457900,0.004900,-0.453000
0.000000,0.000000,0.122928,0.000000,0.000000,0.000000,1.000000,0.000000,0.124649,-0.457900,-0.004900,0.453000,0.349100,0.349100,0.108345,0.000000,0.000000,-0.124649,0.457900,0.004900,-0.453000
0.000000,0.000000,0.122861,0.000000,0.000000,0.000000,1.000000,0.000000,0.118776,-0.457900,-0.004900,0.453000,0.349100,0.349100,0.106834,0.000000,0.000000,-0.118776,0.457900,0.004900,-0.453000
0.000000,0.000000,0.122883,0.000000,0.000000,0.000000,1.000000,0.000000,0.112656,-0.457900,-0.004900,0.453000,0.349100,0.349100,0.105235,0.000000,0.000000,-0.112656,0.457900,0.004900,-0.453000
0.000000,0.000000,0.122975,0.000000,0.000000,0.000000,1.000000,0.000000,0.106310,-0.457900,-0.004900,0.453000,0.349100,0.349100,0.103552,0.000000,0.000000,-0.106310,0.457900,0.004900,-0.453000
0.000000,0.000000,0.123113,0.000000,0.000000,0.000000,1.000000,0.000000,0.099758,-0.457900,-0.004900,0.453000,0.349100,0.349100,0.101785,0.000000,0.000000,-0.099758,0.457900,0.004900,-0.453000
0.000000,0.000000,0.123272,0.000000,0.000000,0.000000,1.000000,0.000000,0.093021,-0.457900,-0.004900,0.453000,0.349100,0.349100,0.099935,0.000000,0.000000,-0.093021,0.457900,0.004900,-0.453000
0.000000,0.000000,0.123423,0.000000,0.000000,0.000000,1.000000,0.000000,0.086121,-0.457900,-0.004900,0.453000,0.349100,0.349100,0.098004,0.000000,0.000000,-0.086121,0.457900,0.004900,-0.453000
0.000000,0.000000,0.123539,0.000000,0.000000,0.000000,1.000000,0.000000,0.079080,-0.457900,-0.004900,0.453000,0.349100,0.349100,0.095994,0.000000,0.000000,-0.079080,0.457900,0.004900,-0.453000
0.000000,0.000000,0.123594,0.000000,0.000000,0.000000,1.000000,0.000000,0.071922,-0.457900,-0.004900,0.453000,0.349100,0.349100,0.093906,0.000000,0.000000,-0.071922,0.457900,0.004900,-0.453000
0.000000,0.000000,0.123563,0.000000,0.000000,0.000000,1.000000,0.000000,0.064668,-0.457900,-0.004900,0.453000,0.349100,0.349100,0.091743,0.000000,0.000000,-0.064668,0.457900,0.004900,-0.453000
0.000000,0.000000,0.123428,0.000000,0.000000,0.000000,1.000000,0.000000,0.057344,-0.457900,-0.004900,0.453000,0.349100,0.349100,0.089505,0.000000,0.000000,-0.057344,0.457900,0.004900,-0.453000
0.000000,0.000000,0.123174,0.000000,0.000000,0.000000,1.000000,0.000000,0.049973,-0.457900,-0.004900,0.453000,0.349100,0.349100,0.087194,0.000000,0.000000,-0.049973,0.457900,0.004900,-0.453000
0.000000,0.000000,0.122793,0.000000,0.000000,0.000000,1.000000,0.000000,0.042577,-0.457900,-0.004900,0.453000,0.349100,0.349100,0.084813,0.000000,0.000000,-0.042577,0.457900,0.004900,-0.453000
0.000000,0.000000,0.122282,0.000000,0.000000,0.000000,1.000000,0.000000,0.035183,-0.457900,-0.004900,0.453000,0.347500,0.349100,0.082363,0.000000,0.000000,-0.035183,0.457900,0.004900,-0.453000
0.000000,0.000000,0.121648,0.000000,0.000000,0.000000,1.000000,0.000000,0.027812,-0.457900,-0.004900,0.453000,0.342887,0.349100,0.079846,0.000000,0.000000,-0.027812,0.457900,0.004900,-0.453000
0.000000,0.000000,0.120901,0.000000,0.000000,0.000000,1.000000,0.000000,0.020490,-0.457900,-0.004900,0.453000,0.335499,0.349100,0.077265,0.000000,0.000000,-0.020490,0.457900,0.004900,-0.453000
0.000000,0.000000,0.120058,0.000000,0.000000,0.000000,1.000000,0.000000,0.013240,-0.457900,-0.004900,0.453000,0.325715,0.349100,0.074621,0.000000,0.000000,-0.013240,0.457900,0.004900,-0.453000
0.000000,0.000000,0.119142,0.000000,0.000000,0.000000,1.000000,0.000000,0.006085,-0.457900,-0.004900,0.453000,0.314043,0.349100,0.071917,0.000000,0.000000,-0.006085,0.457900,0.004900,-0.453000
0.000000,0.000000,0.118180,0.000000,0.000000,0.000000,1.000000,0.000000,-0.000951,-0.457900,-0.004900,0.453000,0.301083,0.349100,0.069155,0.000000,0.000000,0.000951,0.457900,0.004900,-0.453000
0.000000,0.000000,0.117201,0.000000,0.000000,0.000000,1.000000,0.000000,-0.007846,-0.457900,-0.004900,0.453000,0.287504,0.349100,0.066336,0.000000,0.000000,0.007846,0.457900,0.004900,-0.453000
0.000000,0.000000,0.116235,0.000000,0.000000,0.000000,1.000000,0.000000,-0.014578,-0.457900,-0.004900,0.453000,0.274008,0.349100,0.063464,0.000000,0.000000,0.014578,0.457900,0.004900,-0.453000
0.000000,0.000000,0.115312,0.000000,0.000000,0.000000,1.000000,0.000000,-0.021123,-0.457900,-0.004900,0.453000,0.261291,0.349100,0.060541,0.000000,0.000000,0.021123,0.457900,0.004900,-0.453000
0.000000,0.000000,0.114461,0.000000,0.000000,0.000000,1.000000,0.000000,-0.027462,-0.457900,-0.004900,0.453000,0.250009,0.349100,0.057568,0.000000,0.000000,0.027462,0.457900,0.004900,-0.453000
0.000000,0.000000,0.113709,0.000000,0.000000,0.000000,1.000000,0.000000,-0.033574,-0.457900,-0.004900,0.453000,0.240744,0.349100,0.054549,0.000000,0.000000,0.033574,0.457900,0.004900,-0.453000
0.000000,0.000000,0.113075,0.000000,0.000000,0.000000,1.000000,0.000000,-0.039439,-0.457900,-0.004900,0.453000,0.233975,0.349100,0.051485,0.000000,0.000000,0.039439,0.457900,0.004900,-0.453000
0.000000,0.000000,0.112575,0.000000,0.000000,0.000000,1.000000,0.000000,-0.045038,-0.457900,-0.004900,0.453000,0.230050,0.349100,0.048380,0.000000,0.000000,0.045038,0.457900,0.004900,-0.453000
0.000000,0.000000,0.112220,0.000000,0.000000,0.000000,1.000000,0.000000,-0.050353,-0.457900,-0.004900,0.453000,0.229173,0.349100,0.045236,0.000000,0.000000,0.050353,0.457900,0.004900,-0.453000
0.000000,0.000000,0.112011,0.000000,0.000000,0.000000,1.000000,0.000000,-0.055366,-0.457900,-0.004900,0.453000,0.231389,0.349100,0.042055,0.000000,0.000000,0.055366,0.457900,0.004900,-0.453000
0.000000,0.000000,0.111946,0.000000,0.000000,0.000000,1.000000,0.000000,-0.060062,-0.457900,-0.004900,0.453000,0.236582,0.349100,0.038840,0.000000,0.000000,0.060062,0.457900,0.004900,-0.453000
0.000000,0.000000,0.112014,0.000000,0.000000,0.000000,1.000000,0.000000,-0.064425,-0.457900,-0.004900,0.453000,0.244486,0.349100,0.035594,0.000000,0.000000,0.064425,0.457900,0.004900,-0.453000
0.000000,0.000000,0.112198,0.000000,0.000000,0.000000,1.000000,0.000000,-0.068441,-0.457900,-0.004900,0.453000,0.254692,0.349100,0.032319,0.000000,0.000000,0.068441,0.457900,0.004900,-0.453000
0.000000,0.000000,0.112478,0.000000,0.000000,0.000000,1.000000,0.000000,-0.072097,-0.457900,-0.004900,0.453000,0.266674,0.349100,0.029017,0.000000,0.000000,0.072097,0.457900,0.004900,-0.453000
0.000000,0.000000,0.112828,0.000000,0.000000,0.000000,1.000000,0.000000,-0.075381,-0.457900,-0.004900,0.453000,0.279813,0.349100,0.025693,0.000000,0.000000,0.075381,0.457900,0.004900,-0.453000
0.000000,0.000000,0.113221,0.000000,0.000000,0.000000,1.000000,0.000000,-0.078283,-0.457900,-0.004900,0.453000,0.293432,0.349100,0.022347,0.000000,0.000000,0.078283,0.457900,0.004900,-0.453000
0.000000,0.000000,0.113629,0.000000,0.000000,0.000000,1.000000,0.000000,-0.080794,-0.457900,-0.004900,0.453000,0.306826,0.349100,0.018983,0.000000,0.000000,0.080794,0.457900,0.004900,-0.453000
0.000000,0.000000,0.114022,0.000000,0.000000,0.000000,1.000000,0.000000,-0.082904,-0.457900,-0.004900,0.453000,0.319307,0.349100,0.015604,0.000000,0.000000,0.082904,0.457900,0.004900,-0.453000
0.000000,0.000000,0.114375,0.000000,0.000000,0.000000,1.000000,0.000000,-0.084607,-0.457900,-0.004900,0.453000,0.330228,0.349100,0.012212,0.000000,0.000000,0.084607,0.457900,0.004900,-0.453000
0.000000,0.000000,0.114664,0.000000,0.000000,0.000000,1.000000,0.000000,-0.085898,-0.457900,-0.004900,0.453000,0.339027,0.349100,0.008811,0.000000,0.000000,0.085898,0.457900,0.004900,-0.453000
0.000000,0.000000,0.114871,0.000000,0.000000,0.000000,1.000000,0.000000,-0.086773,-0.457900,-0.004900,0.453000,0.345249,0.349100,0.005402,0.000000,0.000000,0.086773,0.457900,0.004900,-0.453000
0.000000,0.000000,0.114982,0.000000,0.000000,0.000000,1.000000,0.000000,-0.087229,-0.457900,-0.004900,0.453000,0.348573,0.349100,0.001989,0.000000,0.000000,0.087229,0.457900,0.004900,-0.453000
